Accession.no.;tbHomologue;geneName;X;dragsetCall;IreneCall;geckoCall;bagelCall;griffinCall;sassettiCall;deJesusCall;bestGuideRatio;bestGuide;gbAnnotation;X.1;X.2;X.3;Position;X.5;Name;Function;Product;TU (Nanopore RNA-Seq);Position
MSMEG_0001;Rv0002;dnaN;03 D4;ES;ES;ES;ES;ES;NA;ES;-5.405633102;MSMEG_0001_2;DNA polymerase III subunit beta; Validated; Region: PRK07761;;First Gene;;dnaN;DNA polymerase III is a complex, multichain enzyme responsible for most of the replicative synthesis in bacteria. This DNA polymerase also exhibits 3' to 5' exonuclease activity. The beta chain is required for initiation of replication once it is clamped onto DNA, it slides freely (bidirectional and ATP-independent) along duplex DNA [catalytic activity: N deoxynucleoside triphosphate = N diphosphate + {DNA}N].;DNA polymerase III (beta chain) DnaN (DNA nucleotidyltransferase);0001-0002-0003;First Gene
MSMEG_0005;Rv0005;gyrB;03 A5;GD;ES;ES;ES;ES;ES;ES;-5.298129031;MSMEG_0005_5;DNA gyrase subunit B; Validated; Region: gyrB; PRK05644;First Gene;;gyrB;DNA gyrase negatively supercoils closed circular double-stranded DNA in an ATP-dependent manner and also catalyzes the interconversion of other topological isomers of double-stranded DNA rings, including catenanes and knotted rings [catalytic activity: ATP-dependent breakage, passage and rejoining of double-stranded DNA].;DNA gyrase (subunit B) GyrB (DNA topoisomerase (ATP-hydrolysing)) (DNA topoisomerase II) (type II DNA topoisomerase);0005-0006;First Gene
MSMEG_0006;Rv0006;gyrA;01 G9;ES;GD;ES;ES;ES;NA;ES;-8.069676911;MSMEG_0006_5;DNA gyrase subunit A; Validated; Region: PRK05560;;Last Gene;;gyrA;DNA gyrase negatively supercoils closed circular double-stranded DNA in an ATP-dependent manner and also catalyzes the interconversion of other topological isomers of double-stranded DNA rings, including catenanes and knotted rings [catalytic activity: ATP-dependent breakage, passage and rejoining of double-stranded DNA].;DNA gyrase (subunit A) GyrA (DNA topoisomerase (ATP-hydrolysing)) (DNA topoisomerase II) (type II DNA topoisomerase);0005-0006;Last Gene
MSMEG_0028;Rv0014c;-;02 F7;GD;GD;NE;ES;ES;ES;ES;-6.965784285;MSMEG_0028_4;Catalytic domain of bacterial Serine/Threonine kinases, PknB and similar proteins; Region: STKc_PknB_like; cd14014;;Last Gene;;pknB;Involved in signal transduction (via phosphorylation). Thought to regulate cell division/differentiation. Can phosphorylate the peptide substrate myelin basic protein (MBP) [catalytic activity: ATP + a protein = ADP + a phosphoprotein].;Transmembrane serine/threonine-protein kinase B PknB (protein kinase B) (STPK B);0030-0028;Last Gene
MSMEG_0030;Rv0015c;pknA;03 H9;ES;ES;ES;ES;ES;ES;ES;-3.942647199;MSMEG_0030_5;Catalytic domain of bacterial Serine/Threonine kinases, PknB and similar proteins; Region: STKc_PknB_like; cd14014;;First Gene;;pknA;Involved in signal transduction (via phosphorylation). Thought to regulate morphological changes associated with cell division/differentiation process. Phosphorylates at serine and threonine residues [catalytic activity: ATP + a protein = ADP + a phosphoprotein].;Transmembrane serine/threonine-protein kinase A PknA (protein kinase A) (STPK A);0030-0028;First Gene
MSMEG_0250;Rv0206c;MmpL3;02 H5;ES;ES;ES;ES;ES;NE;ESD;-7.20322609;MSMEG_0250_3;Uncharacterized membrane protein YdfJ, MMPL/SSD domain [Function unknown]; Region: YdfJ; COG2409;;Last Gene;;mmpL3;Unknown. Thought to be involved in fatty acid transport.;Possible conserved transmembrane transport protein MmpL3;0252-0251-0250;Last Gene
MSMEG_0317;Rv0227c;-;01 H11;ES;GD;ES;ES;ES;ES;ES;-7.743420717;MSMEG_0317_1;Protein of unknown function (DUF3068); Region: DUF3068; pfam11271;;First Gene;;Rv0227c;Unknown;Probable conserved membrane protein;0317-0315;First Gene
MSMEG_0384;Rv0334;rfbA;03 E6;ES;ES;ES;ES;ES;ES;ES;-4.906411032;MSMEG_0384_2;glucose-1-phosphate thymidylyltransferase, short form; Region: rmlA; TIGR01207;;Only Gene;;rmlA;dTDP-L-rhamnose biosynthesis within the O antigen biosynthesis pathway of lipopolysaccharide biosynthesis [catalytic activity: dTTP + alpha-D-glucose 1-phosphate = diphosphate + dTDP-glucose].;Alpha-D-glucose-1-phosphate thymidylyltransferase RmlA (dTDP-glucose synthase) (dTDP-glucose pyrophosphorylase);0384-;Only Gene
MSMEG_0690;Rv0338c;-;03 A12;GD;GD;ES;ES;ES;ES;ES;-3.020713916;MSMEG_0690_1;Fe-S oxidoreductase [Energy production and conversion]; Region: GlpC; COG0247;;Only Gene;;Rv0338c;"Function unknown; probably involved in cellular metabolism.";Probable iron-sulfur-binding reductase;0690-;Only Gene
MSMEG_0759;Rv0357c;purA;02 H11;ES;ES;ES;ES;ES;ES;ES;-6.390228426;MSMEG_0759_2;adenylosuccinate synthetase; Provisional; Region: PRK01117;;First Gene;;purA;Involved in AMP biosynthesis (first committed step). Plays an important role in the de novo pathway of purine nucleotide biosynthesis [catalytic activity: GTP + imp + L-aspartate = GDP + phosphate + adenylosuccinate].;Probable adenylosuccinate synthetase PurA (imp--aspartate ligase) (ADSS) (ampsase);0759-0760;First Gene
MSMEG_0880;Rv0440;groEL;01 F11;ES;ES;ES;ES;ES;ES;ES;-7.749668341;MSMEG_0880_2;chaperonin GroEL; Reviewed; Region: groEL; PRK00013;Only Gene;;groEL2;Prevents misfolding and promotes the refolding and proper assembly of unfolded polypeptides generated under stress conditions.;60 kDa chaperonin 2 GroEL2 (protein CPN60-2) (GroEL protein 2) (65 kDa antigen) (heat shock protein 65) (cell wall protein A) (antigen A);0880-;Only Gene
MSMEG_0903;Rv0462;lpdA;02 E9;ES;GD;ES;ES;ES;ES;GD;-6.762815213;MSMEG_0903_3;dihydrolipoamide dehydrogenase; Reviewed; Region: PRK07818;;First Gene;;lpdC;"Involved in energy metabolism. Lipoamide dehydrogenase is the E3 component of pyruvate dehydrogenase and the alpha-ketoacid dehydrogenase complex [catalytic activity: dihydrolipoamide + NAD(+) = lipoamide + NADH]. Also involved in antioxidant defense; LPDC|Rv0462, DLAT|Rv2215, AHPD|Rv2429, and AHPC|Rv2428 constitute an NADH-dependent peroxidase and peroxynitrite reductase that provides protection against oxidative stress.";Dihydrolipoamide dehydrogenase LpdC (lipoamide reductase (NADH)) (lipoyl dehydrogenase) (dihydrolipoyl dehydrogenase) (diaphorase);0904-0903;First Gene
MSMEG_0928;Rv0482;murB;03 D2;ES;ES;ES;ES;ES;NE;ES;-5.799532445;MSMEG_0928_2;UDP-N-acetylenolpyruvoylglucosamine reductase; Provisional; Region: murB; PRK13903;Only Gene;;murB;"Involved in cell wall formation; peptidoglycan biosynthesis [catalytic activity: UDP-N-acetylmuramate + NADP+ = UDP-N-acetyl-3-O-(1-carboxyvinyl)-D-glucosamine + NADPH].";Probable UDP-N-acetylenolpyruvoylglucosamine reductase MurB (UDP-N-acetylmuramate dehydrogenase);0928-;Only Gene
MSMEG_0949;Rv0505c;-;03 G6;ES;NE;NE;ES;ES;NE;NE;-4.823878927;MSMEG_0949_1;Haloacid Dehalogenase-like Hydrolases; Region: HAD_like; cl21460;;Only Gene;;serB1;Removes a phosphate from phosphoserine [catalytic activity: phosphoserine + H2O = serine + phosphate].;Possible phosphoserine phosphatase SerB1 (PSP) (O-phosphoserine phosphohydrolase) (pspase);0949-;Only Gene
MSMEG_0952;Rv0509;hemA;01 A9;ES;ES;ES;ES;ES;ES;ES;-8.15010267;MSMEG_0952_1;glutamyl-tRNA reductase; Region: hemA; TIGR01035;;First Gene;;hemA;Involved in porphyrin biosynthesis by the C5 pathway (at the first step) [catalytic activity: glutamyl-tRNA(GLU) + NADPH = glutamate-1-semialdehyde + NADP+ + tRNA(GLU)].;Probable glutamyl-tRNA reductase HemA (GLUTR);0952-0953;First Gene
MSMEG_0953;Rv0510;hemC;02 G12;ES;ES;ES;ES;ES;ES;ES;-6.176104437;MSMEG_0953_2;porphobilinogen deaminase; Reviewed; Region: hemC; PRK00072;Last Gene;;hemC;Involved in porphyrin biosynthesis by the C5 pathway (at the fourth step). Tetrapolymerization of the monopyrrole PBG into the hydroxymethylbilane preuroporphyrinogen in several discrete steps [catalytic activity: 4 porphobilinogen + H2O = hydroxymethylbilane + 4 NH3].;Probable porphobilinogen deaminase HemC (PBG) (hydroxymethylbilane synthase) (HMBS) (pre-uroporphyrinogen synthase);0952-0953;Last Gene
MSMEG_0954;Rv0511;hemD;01 F6;ES;ES;ES;ES;ES;ES;GD;-8.423578171;MSMEG_0954_1;Uroporphyrinogen-III synthase [Coenzyme transport and metabolism]; Region: HemD; COG1587;;Middle Gene;;hemD;Possibly involved in the biosynthesis of siroheme and cobalamin [catalytic activity: 2 S-adenosyl-L-methionine + uroporphyrin III = 2 S-adenosyl-L-homocysteine + sirohydrochlorin].;Probable uroporphyrin-III C-methyltransferase HemD (uroporphyrinogen III methylase) (urogen III methylase) (SUMT) (urogen III methylase) (UROM);0953-0954-0956;Middle Gene
MSMEG_0956;Rv0512;hemB;02 G9;ES;ES;NE;ES;ES;NA;ES;-6.698357406;MSMEG_0956_1;delta-aminolevulinic acid dehydratase; Validated; Region: PRK09283;;Last Gene;;hemB;Involved in porphyrin and heme biosynthesis (at the second step) [catalytic activity: 2 5-aminolevulinate = porphobilinogen + 2 H2O].;Probable delta-aminolevulinic acid dehydratase HemB (porphobilinogen synthase) (ALAD) (ALADH);0953-0954-0956;Last Gene
MSMEG_0969;Rv0524;hemL;02 G5;GD;ES;ES;ES;ES;ES;ES;-7.218393711;MSMEG_0969_2;glutamate-1-semialdehyde aminotransferase; Provisional; Region: PRK00062;;First Gene;;hemL;Involved in porphyrin biosynthesis by the C5 pathway (at the second step) [catalytic activity: (S)-4-amino-5-oxopentanoate = 5-aminolevulinate].;Probable glutamate-1-semialdehyde 2,1-aminomutase HemL (GSA) (glutamate-1-semialdehyde aminotransferase) (GSA-at);0969-0970-0971-0972-0973;First Gene
MSMEG_0971;Rv0526;-;04 D1;GD;ES;ES;ES;ES;ES;ES;-2.533099543;MSMEG_0971_1;TlpA-like family; composed of TlpA, ResA, DsbE and similar proteins. TlpA, ResA and DsbE are bacterial protein disulfide reductases with important roles in cytochrome maturation. They are membrane-anchored proteins with a soluble TRX domain containing a...; Region: TlpA_like_family; cd02966;Middle Gene;;Rv0526;Possibly acts on thioredoxin;Possible thioredoxin protein (thiol-disulfide interchange protein);0969-0970-0971-0972-0973;Middle Gene
MSMEG_0972;Rv0527;-;03 E12;GD;NE;ES;ES;NE;ES;ES;-2.840903892;MSMEG_0972_2;Cytochrome c biogenesis protein CcdA [Energy production and conversion, Posttranslational modification, protein turnover, chaperones]; Region: CcdA; COG0785;;Middle Gene;;ccdA;Possibly involved in cytochrome C synthesis. Might transfer reducing equivalents across the cytoplasmic membrane, promoting efficient disulfide bond isomerization of proteins localized on the outer surface of the membrane.;Possible cytochrome C-type biogenesis protein CcdA;0969-0970-0971-0972-0973;Middle Gene
MSMEG_0973;Rv0528;-;03 B12;GD;NE;ES;ES;ES;ES;ES;-3.014846717;MSMEG_0973_2;Cytochrome c biogenesis protein ResB [Energy production and conversion, Posttranslational modification, protein turnover, chaperones]; Region: ResB; COG1333;;Last Gene;;Rv0528;Unknown;Probable conserved transmembrane protein;0969-0970-0971-0972-0973;Last Gene
MSMEG_0974;Rv0529;ccsB;03 G11;GD;NE;ES;ES;ES;ES;ES;-3.064048287;MSMEG_0974_4;cytochrome c-type biogenesis protein CcsB; Region: cytochr_II_ccsB; TIGR03144;;First Gene;;ccsA;Required during cytochrome biogenesis at the step of heme attachment.;Possible cytochrome C-type biogenesis protein CcsA;0974-0975;First Gene
MSMEG_0988;Rv0534c;menA;03 C4;ES;NE;ES;ES;ES;NE;ES;-5.45277365;MSMEG_0988_5;1,4-dihydroxy-2-naphthoate octaprenyltransferase; Region: menA; TIGR00751;;Only Gene;;menA;Involved in menaquinone biosynthesis. Conversion of 1,4-dihydroxy-2-naphthoate (DHNA) to dimethylmenaquinone (DMK). Attaches octaprenylpyrophosphate, a membrane-bound 40-carbon side chain to DHNA. The conversion of DHNA to DMK proceeds in three stages: the removal of the carboxyl group of DHNA as CO2, the attachment of the isoprenoid side chain, and a quinol-to-quinone oxidation, which is thought to be spontaneous.;1,4-dihydroxy-2-naphthoate octaprenyltransferase MenA (DHNA-octaprenyltransferase);0988-;Only Gene
MSMEG_1075;Rv0548c;menB;03 A6;ES;NE;ES;ES;ES;NE;ES;-5.010303702;MSMEG_1075_1;naphthoate synthase; Validated; Region: PRK08321;;First Gene;;menB;Involved in menaquinone biosynthesis. Convert O-succinylbenzoyl-CoA (OSB-CoA) to 1,4-dihydroxy-2-naphthoic acid (DHNA) [catalytic activity: O-succinylbenzoyl-CoA = 1,4-dihydroxy-2-naphthoate + CoA].;Naphthoate synthase MenB (dihydroxynaphthoic acid synthetase) (DHNA synthetase);1075-1073;First Gene
MSMEG_1109;Rv0555;-;02 H12;ES;GD;ES;ES;ES;ES;ES;-6.16274582;MSMEG_1109_1;2-succinyl-5-enolpyruvyl-6-hydroxy-3-cyclohexene-1- carboxylate synthase; Validated; Region: PRK07449;;Middle Gene;;menD;Involved in menaquinone biosynthesis (at the first step) [catalytic activity 1: isochorismate + 2-ketoglutarate = 2-succinyl-6-hydroxy-2,4-cyclohexadiene-1-carboxylate + pyruvate + CO(2)] [catalytic activity 2: 2-oxoglutarate = succinate semialdehyde + CO(2)].;Probable bifunctional menaquinone biosynthesis protein MenD : 2-succinyl-6-hydroxy-2,4-cyclohexadiene-1-carboxylate synthase (SHCHC synthase) + 2-oxoglutarate decarboxylase (alpha- ketoglutarate decarboxylase) (KDC);1108-1109-1110;Middle Gene
MSMEG_1115;Rv0558;ubiE;03 B8;ES;NE;ES;ES;ES;ES;ES;-4.35546542;MSMEG_1115_2;ubiquinone/menaquinone biosynthesis methyltransferase; Reviewed; Region: ubiE; PRK00216;Only Gene;;menH;Involved in menaquinone biosynthesis (at the last step) converts DMKH2 into MKH2 [catalytic activity: S-adenosyl-L-methionine + demethylmenaquinol = S-adenosyl-L-homocysteine + menaquinol].;Probable ubiquinone/menaquinone biosynthesis methyltransferase MenH (2-heptaprenyl-1,4-naphthoquinone methyltransferase);1115-;Only Gene
MSMEG_1133;Rv0989c;-;02 F9;ES;ES;ES;ES;NE;NE;NE;-6.742275748;MSMEG_1133_5;Geranylgeranyl pyrophosphate synthase [Coenzyme transport and metabolism]; Region: IspA; COG0142;;First Gene;;grcC2;Possible supplier of polyprenyl diphosphate.;Probable polyprenyl-diphosphate synthase GrcC2 (polyprenyl pyrophosphate synthetase);1133-1134;First Gene
MSMEG_1344;Rv0638;secE;01 F1;GD;GD;ES;ES;ES;ES;ES;-9.124224727;MSMEG_1344_3;preprotein translocase subunit SecE; Reviewed; Region: secE; PRK07597;First Gene;;secE1;Essential for protein export.;Probable preprotein translocase SecE1;1344-1345;First Gene
MSMEG_1345;Rv0639;nusG;01 C12;GD;GD;ES;ES;ES;NA;ES;-7.721851109;MSMEG_1345_2;transcription antitermination protein NusG; Validated; Region: nusG; PRK05609;Last Gene;;nusG;Influences transcription termination and antitermination. Acts as a component of the transcription complex, and interacts with the termination factor rho and RNA polymerase.;Probable transcription antitermination protein NusG;1344-1345;Last Gene
MSMEG_1346;Rv0640;rplK;02 G8;GD;GD;ES;ES;ES;ES;NE;-6.829066503;MSMEG_1346_2;50S ribosomal protein L11; Validated; Region: rplK; PRK00140;First Gene;;rplK;This protein binds directly to 23S ribosomal RNA.;50S ribosomal protein L11 RplK;1146-1147;First Gene
MSMEG_1347;Rv0641;rplA;03 C5;GD;GD;ES;ES;ES;NE;ES;-5.266939527;MSMEG_1347_2;50S ribosomal protein L1; Validated; Region: rplA; PRK05424;Last Gene;;rplA;This protein binds directly to 23S ribosomal RNA and is located in the neighborhood of the site where elongation factor TU is bound to the ribosome.;50S ribosomal protein L1 RplA;1146-1147;Last Gene
MSMEG_1367;Rv0667;rpoB;02 H1;ES;ES;ES;ES;ES;ES;ES;-7.66013855;MSMEG_1367_1;DNA-directed RNA polymerase subunit beta; Reviewed; Region: rpoB; PRK00405;Only Gene;;rpoB;Catalyzes the transcription of DNA into RNA using the four ribonucleoside triphosphates as substrates [catalytic activity: N nucleoside triphosphate = N diphosphate + {RNA}(N)].;DNA-directed RNA polymerase (beta chain) RpoB (transcriptase beta chain) (RNA polymerase beta subunit);1367;Only Gene
MSMEG_1368;Rv0668;rpoC;01 A5;ES;ES;ES;ES;ES;ES;ES;-8.528102429;MSMEG_1368_1;DNA-directed RNA polymerase subunit beta'; Provisional; Region: PRK00566;;Only Gene;;rpoC;Catalyzes the transcription of DNA into RNA using the four ribonucleoside triphosphates as substrates [catalytic activity: N nucleoside triphosphate = N diphosphate + {RNA}(N)].;DNA-directed RNA polymerase (beta' chain) RpoC (transcriptase beta' chain) (RNA polymerase beta' subunit).;1368;Only Gene
MSMEG_1398;Rv0682;rpsL;03 D3;ES;ES;ES;ES;ES;ES;ES;-5.637986925;MSMEG_1398_4;30S ribosomal protein S12; Validated; Region: rpsL; PRK05163;First Gene;;rpsL;Protein S12 is involved in the translation initiation step.;30S ribosomal protein S12 RpsL;1398-1399-1400-1401;First Gene
MSMEG_1399;Rv0683;rpsG;01 G7;ES;ES;ES;ES;NE;ES;ES;-8.267676241;MSMEG_1399_2;30S ribosomal protein S7; Validated; Region: PRK05302;;Middle Gene;;rpsG;Protein S7 binds specifically to part of the 3' end of 16S ribosomal RNA.;30S ribosomal protein S7 RpsG;1398-1399-1400-1401;Middle Gene
MSMEG_1401;Rv0685;tuf;02 H6;GD;ES;ES;ES;ES;ES;ES;-7.152386258;MSMEG_1401_5;elongation factor Tu; Reviewed; Region: PRK00049;;Last Gene;;tuf;This protein promotes the GTP-dependent binding of aminoacyl-tRNA to the A-site of ribosomes during protein biosynthesis.;Probable iron-regulated elongation factor TU Tuf (EF-TU);1398-1399-1400-1401;Last Gene
MSMEG_1436;Rv0701;rplC;01 B2;ES;ES;ES;ES;ES;ES;ES;-9.074997725;MSMEG_1436_1;50S ribosomal protein L3; Validated; Region: rplC; PRK00001;Middle Gene;;rplC;This protein binds directly to 23S ribosomal RNA and may participate in the formation of the peptidyltransferase center of the ribosome.;50S ribosomal protein L3 RplC;1435-1436-1437-1438-1439-1440-1441-1442-1443-1444-1445;Middle Gene
MSMEG_1437;Rv0702;rplD;01 H10;ES;ES;NE;ES;ES;ES;ES;-7.896816753;MSMEG_1437_5;50S ribosomal protein L4; Provisional; Region: rplD; PRK05319;Middle Gene;;rplD;This protein binds directly and specifically to 23S rRNA.;50S ribosomal protein L4 RplD;1435-1436-1437-1438-1439-1440-1441-1442-1443-1444-1445;Middle Gene
MSMEG_1438;Rv0703;rplW;02 B9;ES;ES;NE;ES;NE;ES;ES;-6.810828662;MSMEG_1438_1;50S ribosomal protein L23; Reviewed; Region: rplW; PRK05738;Middle Gene;;rplW;Binds to a specific region on the 23S rRNA.;50S ribosomal protein L23 RplW;1435-1436-1437-1438-1439-1440-1441-1442-1443-1444-1445;Middle Gene
MSMEG_1439;Rv0704;rplB;01 C2;ES;ES;ES;ES;ES;ES;ES;-9.064203842;MSMEG_1439_3;50S ribosomal protein L2; Validated; Region: rplB; PRK09374;Middle Gene;;rplB;This protein is a primary 23S rRNA-binding protein. It has peptidyltransferase activity.;50S ribosomal protein L2 RplB;1435-1436-1437-1438-1439-1440-1441-1442-1443-1444-1445;Middle Gene
MSMEG_1440;Rv0705;rpsS;01 A12;ES;ES;ES;ES;NE;ES;ES;-7.737446921;MSMEG_1440_3;30S ribosomal protein S19; Reviewed; Region: rpsS; PRK00357;Middle Gene;;rpsS;Protein S19 forms a complex with S13 that binds strongly to the 16S ribosomal RNA.;30S ribosomal protein S19 RpsS;1435-1436-1437-1438-1439-1440-1441-1442-1443-1444-1445;Middle Gene
MSMEG_1441;Rv0706;-;03 F1;ES;ES;ES;ES;ES;ES;ES;-5.977005098;MSMEG_1441_4;50S ribosomal protein L22; Reviewed; Region: rplV; PRK00565;Middle Gene;;rplV;"This protein binds specifically to 23S rRNA; its binding is stimulated by other ribosomal proteins, E.G., L4, L17, and L20. It is important during the early stages of 50S reconstitution.";50S ribosomal protein L22 RplV;1435-1436-1437-1438-1439-1440-1441-1442-1443-1444-1445;Middle Gene
MSMEG_1442;Rv0707;rpsC;02 A1;ES;ES;ES;ES;ES;ES;ES;-7.6883902;MSMEG_1442_3;30S ribosomal protein S3; Reviewed; Region: rpsC; PRK00310;Middle Gene;;rpsC;This protein is involved in the binding of initiator met-tRNA.;30S ribosomal protein S3 RpsC;1435-1436-1437-1438-1439-1440-1441-1442-1443-1444-1445;Middle Gene
MSMEG_1443;Rv0708;rplP;03 F9;ES;ES;ES;ES;ES;ES;ES;-3.96715197;MSMEG_1443_2;50S ribosomal protein L16; Reviewed; Region: rplP; PRK09203;Middle Gene;;rplP;This protein binds directly to 23S ribosomal RNA and is located at the a site of the peptidyltransferase center.;50S ribosomal protein L16 RplP;1435-1436-1437-1438-1439-1440-1441-1442-1443-1444-1445;Middle Gene
MSMEG_1444;Rv0709;rpmC;03 A1;ES;ES;ES;ES;NE;ES;GD;-6.145921959;MSMEG_1444_3;50S ribosomal protein L29; Reviewed; Region: PRK00306;;Middle Gene;;rpmC;Involved in translation mechanisms.;50S ribosomal protein L29 RpmC;1435-1436-1437-1438-1439-1440-1441-1442-1443-1444-1445;Middle Gene
MSMEG_1445;Rv0710;-;03 C11;ES;ES;ES;ES;ES;ES;ES;-3.234995068;MSMEG_1445_1;30S ribosomal protein S17; Reviewed; Region: rpsQ; PRK05610;Last Gene;;rpsQ;Protein S17 binds specifically to the 5' end of 16S ribosomal RNA.;30S ribosomal protein S17 RpsQ;1435-1436-1437-1438-1439-1440-1441-1442-1443-1444-1445;Last Gene
MSMEG_1465;Rv0714;rplN;01 H5;ES;GD;ES;ES;NE;ES;ES;-8.459964334;MSMEG_1465_1;50S ribosomal protein L14; Validated; Region: rplN; PRK05483;First Gene;;rplN;This protein binds directly to 23S ribosomal RNA.;50S ribosomal protein L14 RplN;1465-1466-1467-1468-1469-1470-1471-1472-1473-1474;First Gene
MSMEG_1466;Rv0715;rplX;02 A12;ES;GD;NE;ES;NE;ES;ES;-6.343050048;MSMEG_1466_1;50S ribosomal protein L24; Reviewed; Region: rplX; PRK00004;Middle Gene;;rplX;This protein is found in the ribonucleoprotein core and is involved in the early assembly of the 50S subunit. It is not involved in the functions of the mature 50S subunit.;50S ribosomal protein L24 RplX;1465-1466-1467-1468-1469-1470-1471-1472-1473-1474;Middle Gene
MSMEG_1467;Rv0716;rplE;02 F11;ES;GD;ES;ES;NE;ES;ES;-6.413610739;MSMEG_1467_2;50S ribosomal protein L5; Validated; Region: rplE; PRK00010;Middle Gene;;rplE;This is one of 3 proteins that mediate the attachment of the 5S RNA into the large ribosomal subunit.;50S ribosomal protein L5 RplE;1465-1466-1467-1468-1469-1470-1471-1472-1473-1474;Middle Gene
MSMEG_1469;Rv0718;rpsH;02 D6;ES;GD;ES;ES;ES;ES;ES;-7.165510018;MSMEG_1469_1;30S ribosomal protein S8; Validated; Region: rpsH; PRK00136;Middle Gene;;rpsH;Binds directly to the central domain of 16S ribosomal RNA.;30S ribosomal protein S8 RpsH;1465-1466-1467-1468-1469-1470-1471-1472-1473-1474;Middle Gene
MSMEG_1470;Rv0719;rplF;01 F2;ES;ES;ES;ES;ES;ES;ES;-9.030694721;MSMEG_1470_5;50S ribosomal protein L6; Validated; Region: rplF; PRK05498;Middle Gene;;rplF;This protein binds directly to 23S ribosomal RNA and is located at the aminoacyl-tRNA binding site of the peptidyltransferase center.;50S ribosomal protein L6 RplF;1465-1466-1467-1468-1469-1470-1471-1472-1473-1474;Middle Gene
MSMEG_1471;Rv0720;rplR;01 C9;ES;ES;NE;ES;NE;ES;ES;-8.141391916;MSMEG_1471_2;50S ribosomal protein L18; Reviewed; Region: rplR; PRK05593;Middle Gene;;rplR;This is one of 3 proteins that mediate the attachment of the 5S RNA into the large ribosomal subunit.;50S ribosomal protein L18 RplR;1465-1466-1467-1468-1469-1470-1471-1472-1473-1474;Middle Gene
MSMEG_1472;Rv0721;rpsE;02 B5;ES;ES;ES;ES;ES;ES;ES;-7.282981332;MSMEG_1472_1;30S ribosomal protein S5; Validated; Region: rpsE; PRK00550;Middle Gene;;rpsE;Protein S5 is important in the assembly and function of the 30S ribosomal subunit.;30S ribosomal protein S5 RpsE;1465-1466-1467-1468-1469-1470-1471-1472-1473-1474;Middle Gene
MSMEG_1474;Rv0723;rplO;01 D10;ES;ES;ES;ES;NE;NE;Uncertain;-7.991521846;MSMEG_1474_3;50S ribosomal protein L15; Reviewed; Region: rplO; PRK05592;Last Gene;;rplO;This protein binds directly to 23S ribosomal RNA.;50S ribosomal protein L15 RplO;1465-1466-1467-1468-1469-1470-1471-1472-1473-1474;Last Gene
MSMEG_1483;Rv0732;secY;02 C12;ES;ES;ES;ES;ES;ES;ES;-6.301002256;MSMEG_1483_5;preprotein translocase subunit SecY; Reviewed; Region: secY; PRK09204;First Gene;;secY;Essential for protein export. Interacts with SECA|Rv3240c and SECE|Rv0638 to allow the translocation of proteins across the plasma membrane, by forming part of a channel.;Probable preprotein translocase SecY;1483-1484-1485-1486-1487;First Gene
MSMEG_1512;Rv3464;rfbB;03 C9;ES;ES;ES;ES;ES;ES;ES;-4.004868642;MSMEG_1512_3;dTDP-D-glucose 4,6-dehydratase [Cell wall/membrane/envelope biogenesis]; Region: RfbB; COG1088;;First Gene;;rmlB;Involved in dTDP-L-rhamnose biosynthesis [catalytic activity: dTDP-glucose = dTDP-4-dehydro-6-deoxy-D-glucose + H(2)O].;dTDP-glucose 4,6-dehydratase RmlB;1512-1510;First Gene
MSMEG_1519;Rv3462c;infA;03 D8;GD;NE;ES;ES;ES;ES;GD;-4.252714877;MSMEG_1519_2;translation initiation factor IF-1; Validated; Region: infA; PRK00276;First Gene;;infA;"No specific function has so far been attributed to this initiation factor; however, it seems to stimulate more or less all the activities of the other two initiation factors, if-2 and if-3.";Probable translation initiation factor if-1 InfA;1519-1520-1521-1522-1523-1524-1525;First Gene
MSMEG_1521;Rv3460c;rpsM;03 B2;GD;GD;ES;ES;ES;NA;ES;-5.821888755;MSMEG_1521_1;30S ribosomal protein S13; Validated; Region: rpsM; PRK05179;Middle Gene;;rpsM;Involved in the binding of fMet-tRNA and, hence, in the initiation of translation.;30S ribosomal protein S13 RpsM;1519-1520-1521-1522-1523-1524-1525;Middle Gene
MSMEG_1522;Rv3459c;rpsK;02 E3;GD;GD;ES;ES;NE;ES;Uncertain;-7.446511667;MSMEG_1522_1;30S ribosomal protein S11; Validated; Region: PRK05309;;Middle Gene;;rpsK;S11 plays an essential role for the selection of the correct tRNA in protein biosynthesis. It is located on the large lobe of the small subunit.;30S ribosomal protein S11 RpsK;1519-1520-1521-1522-1523-1524-1525;Middle Gene
MSMEG_1523;Rv3458c;rpsD;02 F1;GD;GD;ES;ES;ES;ES;ES;-7.664960273;MSMEG_1523_4;30S ribosomal protein S4; Validated; Region: rpsD; PRK05327;Middle Gene;;rpsD;This protein binds directly to 16S ribosomal RNA.;30S ribosomal protein S4 RpsD;1519-1520-1521-1522-1523-1524-1525;Middle Gene
MSMEG_1524;Rv3457c;rpoA;02 G1;ES;GD;ES;ES;ES;ES;ES;-7.66474582;MSMEG_1524_1;DNA-directed RNA polymerase subunit alpha; Provisional; Region: PRK05182;;Middle Gene;;rpoA;DNA-dependent RNA polymerase catalyzes the transcription of DNA into RNA using the four ribonucleoside triphosphates as substrates. The amino-terminal portion is involved in the assembly of core RNAP, whereas the C-terminal is involved in interaction with transcriptional regulators [catalytic activity: N nucleoside triphosphate = N pyrophosphate + RNA(N)].;Probable DNA-directed RNA polymerase (alpha chain) RpoA (transcriptase alpha chain) (RNA polymerase alpha subunit) (DNA-directed RNA nucleotidyltransferase);1519-1520-1521-1522-1523-1524-1525;Middle Gene
MSMEG_1556;Rv3443c;rplM;02 B6;ES;ES;NE;ES;ES;ES;ES;-7.181698911;MSMEG_1556_1;50S ribosomal protein L13; Reviewed; Region: rplM; PRK09216;First Gene;;rplM;Involved in translation mechanism. This protein is one of the early assembly proteins of the 50S ribosomal subunit.;50S ribosomal protein L13 RplM;1556-1557;First Gene
MSMEG_1557;Rv3442c;rpsI;02 H9;ES;ES;NE;ES;ES;NA;ES;-6.690137693;MSMEG_1557_3;30S ribosomal protein S9; Reviewed; Region: rpsI; PRK00132;Last Gene;;rpsI;Involved in translation mechanism. This protein is one of the assembly proteins of the 50S ribosomal subunit.;30S ribosomal protein S9 RpsI;1556-1557;Last Gene
MSMEG_1568;Rv3436c;glmS;02 C6;ES;ES;ES;ES;ES;ES;ES;-7.170525999;MSMEG_1568_4;glucosamine--fructose-6-phosphate aminotransferase; Reviewed; Region: PRK00331;;First Gene;;glmS;Catalyzes the first step in hexosamine metabolism, converting fructose-6P into glucosamine-6P using glutamine as a nitrogen source [catalytic activity: L-glutamine + D-fructose 6-phosphate = L-glutamate + D-glucosamine 6-phosphate].;Probable glucosamine--fructose-6-phosphate aminotransferase [isomerizing] GlmS (hexosephosphate aminotransferase) (D-fructose-6-phosphate amidotransferase) (GFAT) (L-glutamine-D-fructose-6-phosphate amidotransferase) (glucosamine-6-phosphate synthase);1568-1570;First Gene
MSMEG_1582;Rv3418c;groES;01 E3;GD;ES;ES;ES;NE;ES;ES;-8.829310478;MSMEG_1582_2;co-chaperonin GroES; Reviewed; Region: groES; PRK00364;Only Gene;;groES;Binds to CPN60 in the presence of mg-ATP and suppresses the ATPase activity of the latter.;10 kDa chaperonin GroES (protein CPN10) (protein GroES) (BCG-a heat shock protein) (10 kDa antigen);1582;Only Gene
MSMEG_1602;Rv3411c;guaB;01 C6;ES;ES;ES;ES;ES;ES;ES;-8.445511528;MSMEG_1602_5;inosine 5'-monophosphate dehydrogenase; Reviewed; Region: PRK05567;;First Gene;;guaB2;Catalyses the first reaction unique to GMP biosynthesis [catalytic activity: inosine 5'-phosphate + NAD(+) + H(2)O = xanthosine 5'-phosphate + NADH].;Probable inosine-5'-monophosphate dehydrogenase GuaB2 (imp dehydrogenase) (inosinic acid dehydrogenase) (inosinate dehydrogenase) (imp oxidoreductase) (inosine-5'-monophosphate oxidoreductase) (IMPDH) (IMPD);1602-1603-1604-1605;First Gene
MSMEG_1610;Rv3396c;guaA;01 C3;ES;NE;ES;ES;ES;ES;ES;-8.897905945;MSMEG_1610_2;GMP synthase; Reviewed; Region: guaA; PRK00074;First Gene;;guaA;Involved in GMP biosynthesis [catalytic activity: ATP + xanthosine 5'-phosphate + L-glutamine + H(2)O = AMP + pyrophosphate + GMP + L-glutamate].;Probable GMP synthase [glutamine-hydrolyzing] GuaA (glutamine amidotransferase) (GMP synthetase);1610-1611;First Gene
MSMEG_1657;Rv3336c;trpS;03 A8;ES;ES;ES;ES;ES;ES;ES;-4.453303451;MSMEG_1657_4;tryptophanyl-tRNA synthetase; Reviewed; Region: PRK00927;;First Gene;;trpS;Involved in translation mechanism [catalytic activity: ATP + L-tryptophan + tRNA(TRP) = AMP + pyrophosphate + L-tryptophanyl-tRNA(TRP)].;Probable tryptophanyl-tRNA synthetase TrpS (tryptophan--tRNA ligase) (TRPRS) (tryptophan translase);1657-1658;First Gene
MSMEG_1670;Rv3318;sdhA;01 G5;ES;ES;ES;ES;NE;NE;NE;-8.477717798;MSMEG_1670_2;succinate dehydrogenase flavoprotein subunit; Reviewed; Region: sdhA; PRK08205;Middle Gene;;sdhA;Involved in tricarboxylic acid cycle. Membrane-bound FAD-containing enzyme which is responsible for succinate interconversion [catalytic activity: succinate + acceptor = fumarate + reduced acceptor].;Probable succinate dehydrogenase (flavoprotein subunit) SdhA (succinic dehydrogenase) (fumarate reductase) (fumarate dehydrogenase) (fumaric hydrogenase);1672-1671-1670-1669;Middle Gene
MSMEG_1671;Rv3317;-;01 F5;ES;ES;ES;ES;NE;NE;NE;-8.506129031;MSMEG_1671_4;Succinate:quinone oxidoreductase (SQR) Type A subfamily, Succinate dehydrogenase D (SdhD)-like subunit; SQR catalyzes the oxidation of succinate to fumarate coupled to the reduction of quinone to quinol. Members of this subfamily reduce low potential...; Region: SQR_TypeA_SdhD_like; cd03500;Middle Gene;;sdhD;Involved in tricarboxylic acid cycle. Putative hydrophobic component of the succinate dehydrogenase complex. Could be required to anchor the catalytic components to the cytoplasmic membrane;Probable succinate dehydrogenase (hydrophobic membrane anchor subunit) SdhD (succinic dehydrogenase) (fumarate reductase) (fumarate dehydrogenase) (fumaric hydrogenase);1672-1671-1670-1669;Middle Gene
MSMEG_1672;Rv3316;sdhC;01 H9;ES;ES;ES;ES;NE;NE;NE;-8.068299405;MSMEG_1672_5;Succinate:quinone oxidoreductase (SQR) Type A subfamily, Succinate dehydrogenase C (SdhC)-like subunit; SQR catalyzes the oxidation of succinate to fumarate coupled to the reduction of quinone to quinol. Members of this subfamily reduce low potential...; Region: SQR_TypeA_SdhC_like; cd03501;First Gene;;sdhC;Involved in tricarboxylic acid cycle. Mono-heme cytochrome of the succinate dehydrogenase complex.;Probable succinate dehydrogenase (cytochrome B-556 subunit) SdhC (succinic dehydrogenase) (fumarate reductase) (fumarate dehydrogenase) (fumaric hydrogenase);1672-1671-1670-1669;First Gene
MSMEG_1807;Rv3285;-;01 B6;ES;ES;ES;ES;ES;ES;ES;-8.448488033;MSMEG_1807_1;Acetyl/propionyl-CoA carboxylase, alpha subunit [Lipid transport and metabolism]; Region: PccA; COG4770;;Only Gene;;accA3;Involved in long-chain fatty acid synthesis (at the first step). Carries two functions: biotin carboxyl carrier protein and biotin carboxyltransferase [catalytic activity: ATP + biotin-carboxyl-carrier protein + CO(2) = ADP + orthophosphate + carboxybiotin-carboxyl-carrier protein].;Probable bifunctional protein acetyl-/propionyl-coenzyme A carboxylase (alpha chain) AccA3: biotin carboxylase + biotin carboxyl carrier protein (BCCP);1807;Only Gene
MSMEG_1812;Rv3281;-;01 D5;ES;NE;NE;ES;NE;ES;ES;-8.511831703;MSMEG_1812_1;Acyl-CoA carboxylase epsilon subunit; Region: ACC_epsilon; pfam13822;;First Gene;;accE5;Involved in long-chain fatty acid synthesis;Probable bifunctional protein acetyl-/propionyl-coenzyme A carboxylase (epsilon chain) AccE5;1812-1811;First Gene
MSMEG_1813;Rv3280;-;01 H2;ES;ES;ES;ES;ES;NA;ES;-8.999098034;MSMEG_1813_3;Acetyl-CoA carboxylase, carboxyltransferase component [Lipid transport and metabolism]; Region: MmdA; COG4799;;Only Gene;;accD5;Key enzyme in the catabolic pathway of odd-chain fatty acids, isoleucine, threonine, methionine, and valine [catalytic activity: ATP + propionyl-CoA + CO(2) + H(2)O = ADP + orthophosphate + methylmalonyl-CoA.];Probable propionyl-CoA carboxylase beta chain 5 AccD5 (pccase) (propanoyl-CoA:carbon dioxide ligase);1813;Only Gene
MSMEG_1819;Rv3276c;purK;02 F12;ES;ES;ES;ES;ES;NA;GD;-6.180888145;MSMEG_1819_2;Phosphoribosylaminoimidazole carboxylase (NCAIR synthetase) [Nucleotide transport and metabolism]; Region: PurK; COG0026;;Only Gene;;purK;Involved in purine biosynthesis (sixth step). Possesses an ATPase activity that is dependent on the presence of air (aminoimidazole ribonucleotide). The association of PURK and pure produces an enzyme complex capable of converting air to CAIR efficiently under physiological condition [catalytic activity: 1-(5-phosphoribosyl)-5-amino-4-imidazole-carboxylate = 1-(5-phosphoribosyl)-5-aminoimidazole + CO(2)].;Probable phosphoribosylaminoimidazole carboxylase ATPase subunit PurK (air carboxylase) (AIRC);1819;Only Gene
MSMEG_1826;Rv3265c;-;02 E7;ES;GD;ES;ES;ES;ES;ES;-7.025172228;MSMEG_1826_1;Glycosyltransferase, GT2 family [Carbohydrate transport and metabolism]; Region: GT2; COG1216;;Only Gene;;wbbL1;Probably involved in cell wall arabinogalactan linker formation: Uses dTDP-L-rhamnose as substrate to insert the rhamnosyl residue into the cell wall. Seems to be essential for mycobacterial viability.;dTDP-RHA:a-D-GlcNAc-diphosphoryl polyprenol, a-3-L-rhamnosyl transferase WbbL1 (alpha-L-rhamnose-(1->3)-alpha-D-GlcNAc(1->P)-P-decaprenyl);1826;Only Gene
MSMEG_1834;Rv3257c;manB;02 A3;ES;ES;ES;ES;ES;ES;ES;-7.483976963;MSMEG_1834_2;phosphomannomutase/phosphoglucomutase; Reviewed; Region: manB; PRK09542;First Gene;;pmmA;This enzyme converses D-mannose 1-phosphate in D-mannose 6-phosphate [catalytic activity: D-mannose 1-phosphate = D-mannose 6-phosphate].;Probable phosphomannomutase PmmA (PMM) (phosphomannose mutase);1834-1835-1836;First Gene
MSMEG_1836;Rv3255c;manA;03 A9;GD;ES;ES;ES;ES;ES;ES;-4.084693213;MSMEG_1836_4;Mannose-6-phosphate isomerase, class I [Carbohydrate transport and metabolism]; Region: ManA; COG1482;;Last Gene;;manA;This enzyme converts D-mannose 6-phosphate to D-fructose 6-phosphate [catalytic activity: D-mannose 6-phosphate = D-fructose 6-phosphate].;Probable mannose-6-phosphate isomerase ManA (phosphomannose isomerase) (phosphomannoisomerase) (PMI) (phosphohexoisomerase) (phosphohexomutase);1834-1835-1836;Last Gene
MSMEG_1881;Rv3240c;secA;01 D6;ES;ES;ES;ES;ES;ES;ESD;-8.441325776;MSMEG_1881_5;preprotein translocase subunit SecA; Reviewed; Region: PRK12904;;Only Gene;;secA1;Involved in protein export. Interacts with the SECY/SECE subunits. SECA has a central role in coupling the hydrolysis of ATP to the transfer of PRE-secretory periplasmic and outer membrane proteins across the membrane.;Probable preprotein translocase SecA1 1 subunit;1881;Only Gene
MSMEG_1890;Rv3227;aroA;01 C5;GD;NE;ES;ES;ES;NA;ES;-8.516172776;MSMEG_1890_2;3-phosphoshikimate 1-carboxyvinyltransferase; Provisional; Region: PRK02427;;First Gene;;aroA;Involved in the biosynthesis of chorismate within the biosynthesis of aromatic amino acids (the shikimate pathway). Acts in the sixth step of this pathway. [catalytic activity: phosphoenolpyruvate + 3-phosphoshikimate = orthophosphate + O(5)-(1-carboxyvinyl)-3-phosphoshikimate].;3-phosphoshikimate 1-carboxyvinyltransferase AroA (5-enolpyruvylshikimate-3-phosphate synthase) (EPSP synthase) (EPSPS);1890-1889-1888;First Gene
MSMEG_2086;Rv3105c;prfB;02 D9;GD;ES;NE;ES;ES;ES;ES;-6.768316676;MSMEG_2086_1;peptide chain release factor 2; Validated; Region: prfB; PRK00578;Only Gene;;prfB;Peptide chain release factor 2 directs the termination of translation in response to the peptide chain termination codons UGA and UAA.;Probable peptide chain release factor 2 PrfB (RF-2);2086-2087-2088;Only Gene
MSMEG_2365;Rv3011c;gatA;02 A6;ES;ES;ES;ES;ES;ES;ES;-7.193081765;MSMEG_2365_2;aspartyl/glutamyl-tRNA amidotransferase subunit A; Reviewed; Region: gatA; PRK00012;First Gene;;gatA;Component of the translational apparatus. Furnishes a means for formation of correctly charged GLN-tRNA(GLN) through the transamidation of misacylated GLU-tRNA(GLN) in organisms which lack glutaminyl-tRNA synthetase. The reaction takes place in the presence of glutamine and ATP through an activated gamma-phospho-GLU-tRNA(GLN) [catalytic activity: ATP + L-glutamyl-tRNA(GLN) + L-glutamine = ADP + phosphate + L-glutaminyl-tRNA(GLN) + L-glutamate].;Probable glutamyl-tRNA(GLN) amidotransferase (subunit A) GatA (Glu-ADT subunit A);2365-2366;First Gene
MSMEG_2367;Rv3009c;gatB;02 B3;ES;ES;ES;ES;ES;ES;ES;-7.476462699;MSMEG_2367_3;aspartyl/glutamyl-tRNA amidotransferase subunit B; Validated; Region: gatB; PRK05477;Only Gene;;gatB;Component of the translational apparatus. Furnishes a means for formation of correctly charged GLN-tRNA(GLN) through the transamidation of misacylated GLU- tRNA(GLN) in organisms which lack glutaminyl-tRNA synthetase. The reaction takes place in the presence of glutamine and ATP through an activated gamma-phospho-GLU-tRNA(GLN) [catalytic activity: ATP + L-glutamyl-tRNA(GLN) + L-glutamine = ADP + phosphate + L-glutaminyl-tRNA(GLN) + L-glutamate].;Probable glutamyl-tRNA(GLN) amidotransferase (subunit B) GatB (Glu-ADT subunit B);2367-;Only Gene
MSMEG_2372;Rv3003c;ilvB;03 H1;ES;ES;ES;ES;ES;ES;ES;-5.915561275;MSMEG_2372_5;acetolactate synthase 1 catalytic subunit; Validated; Region: PRK07789;;First Gene;;ilvB1;Involved in valine and isoleucine biosynthesis (at the first step) [catalytic activity: 2-acetolactate + CO(2) = 2 pyruvate].;Acetolactate synthase (large subunit) IlvB1 (acetohydroxy-acid synthase);2372-2373;First Gene
MSMEG_2373;Rv3002c;ilvH;03 E9;ES;ES;NE;ES;NE;ES;NE;-3.967989021;MSMEG_2373_2;acetolactate synthase 3 regulatory subunit; Reviewed; Region: ilvH; PRK11895;Last Gene;;ilvN;Involved in valine and isoleucine biosynthesis (at the first step) [catalytic activity: 2-acetolactate + CO(2) = 2-pyruvate].;Probable acetolactate synthase (small subunit) IlvN (acetohydroxy-acid synthase) (AHAS) (ALS);2372-2373;Last Gene
MSMEG_2374;Rv3001c;ilvC;01 E4;ES;ES;ES;ES;ES;ES;ES;-8.584774638;MSMEG_2374_1;ketol-acid reductoisomerase; Provisional; Region: PRK05479;;Only Gene;;ilvC;Involved in valine and isoleucine biosynthesis (at the second step) [catalytic activity: (R)-2,3-dihydroxy-3-methylbutanoate + NADP(+) = (S)-2-hydroxy-2-methyl-3-oxobutanoate + NADPH].;Probable KETOL-acid reductoisomerase IlvC (acetohydroxy-acid isomeroreductase) (alpha-keto-beta-hydroxylacil reductoisomerase);2374-;Only Gene
MSMEG_2378;Rv2996c;serA;01 E8;NE;GD;ES;ES;ES;ES;ES;-8.19451064;MSMEG_2378_3;D-3-phosphoglycerate dehydrogenase; Provisional; Region: PRK13581;;First Gene;;serA1;Involved at the first committed step in the 'phosphorylated' pathway of L-serine biosynthesis [catalytic activity: 3-phosphoglycerate + NAD(+) = 3-phosphohydroxypyruvate + NADH].;Probable D-3-phosphoglycerate dehydrogenase SerA1 (PGDH);2378;First Gene
MSMEG_2379;Rv2995c;leuB;01 A10;ES;GD;NE;ES;ES;ES;ES;-8.04537744;MSMEG_2379_3;3-isopropylmalate dehydrogenase; Provisional; Region: PRK03437;;Last Gene;;leuB;Involved in leucine biosynthesis (at the third step) [catalytic activity: 3-carboxy-2-hydroxy-4-methylpentanoate + NAD(+) = 3-carboxy-4-methyl-2-oxopentanoate + NADH (the product decarboxylates to 4-methyl-2-oxopentanoate)].;Probable 3-isopropylmalate dehydrogenase LeuB (beta-IPM dehydrogenase) (IMDH) (3-IPM-DH);2379;Last Gene
MSMEG_2383;Rv2992c;gltX;01 A2;ES;ES;ES;ES;ES;ES;ES;-9.103654993;MSMEG_2383_4;glutamyl-tRNA synthetase; Reviewed; Region: gltX; PRK01406;Last Gene;;gltS;Involved in translation mechanisms [catalytic activity: ATP + L-glutamate + tRNA(GLU) = AMP + diphosphate + L-glutamyl-tRNA(GLU)].;Glutamyl-tRNA synthetase GltS (glutamate--tRNA ligase) (glutamyl-tRNA synthase) (GLURS);2382-2383;Last Gene
MSMEG_2388;Rv2987c;leuD;03 F3;GD;NE;ES;ES;ES;ES;GD;-5.597811018;MSMEG_2388_1;isopropylmalate isomerase small subunit; Provisional; Region: leuD; PRK01641;Last Gene;;leuD;Involved in leucine biosynthesis (at the second step) [catalytic activity: 3-isopropylmalate = 2-isopropylmaleate + H(2)O (also catalyses 2-isopropylmaleate + H(2)O = 3-hydroxy-4-methyl-3-carboxypentanone)].;Probable 3-isopropylmalate dehydratase (small subunit) LeuD (isopropylmalate isomerase) (alpha-IPM isomerase) (IPMI);2387-2388;Last Gene
MSMEG_2395;Rv2981c;ddl;04 B1;ES;GD;ES;ES;ES;ES;ES;-2.649628408;MSMEG_2388_1;D-alanyl-alanine synthetase A; Reviewed; Region: ddl; PRK01966;Last Gene;;ddlA;Involved in cell wall formation. Along with alanine racemase, it MAKES up the D-alanine branch of the peptidoglycan biosynthetic route. [catalytic activity: ATP + D-alanine + D-alanine = ADP + phosphate + D-alanyl-D-alanine].;Probable D-alanine--D-alanine ligase DdlA (D-alanylalanine synthetase) (D-ala-D-ala ligase);2393-2394-2395;Last Gene
MSMEG_2410;Rv2969c;-;01 E10;ES;ES;ES;ES;ES;ES;ES;-7.954836074;MSMEG_2410_1;Protein-disulfide isomerase [Posttranslational modification, protein turnover, chaperones]; Region: DsbG; COG1651;;First Gene;;Rv2969c;Unknown;Possible conserved membrane or secreted protein;2410-2411;First Gene
MSMEG_2411;Rv2968c;-;03 C3;ES;ES;ES;ES;ES;ES;ES;-5.638354372;MSMEG_2411_1;Vitamin K epoxide reductase family in bacteria; Region: VKOR_5; cd12922;;Last Gene;;Rv2968c;Unknown;Probable conserved integral membrane protein;2410-2411;Last Gene
MSMEG_2435;Rv2909c;rpsP;02 G4;GD;NE;ES;ES;NE;NE;GD;-7.322559136;MSMEG_2435_1;30S ribosomal protein S16; Provisional; Region: rpsP; PRK14520;First Gene;;rpsP;Involved in translation mechanism.;30S ribosomal protein S16 RpsP;2435-2436-2437-2438;First Gene
MSMEG_2438;Rv2906c;trmD;03 A10;GD;NE;ES;ES;ES;ES;GD;-3.931706808;MSMEG_2438_2;tRNA (guanine-N(1)-)-methyltransferase; Reviewed; Region: trmD; PRK00026;Last Gene;;trmD;Specifically methylates guanosime-37 in various TRNAS [catalytic activity S-adenosyl-L-methionine + tRNA = S-adenosyl-L-homocysteine + tRNA containing N1-methylguanine].;Probable tRNA (guanine-N1)-methyltransferase TrmD (M1G-methyltransferase) (tRNA [GM37] methyltransferase);2435-2436-2437-2438;Last Gene
MSMEG_2440;Rv2904c;rplS;02 D7;GD;NE;ES;ES;NE;ES;NE;-7.084702108;MSMEG_2440_2;50S ribosomal protein L19; Provisional; Region: rplS; PRK05338;First Gene;;rplS;This protein is located at the 30S-50S ribosomal subunit interface and may play a role in the structure and function of the aminoacyl-tRNA binding site.;50S ribosomal protein L19 RplS;2440-2441-2442;First Gene
MSMEG_2441;Rv2903c;lepB;03 F5;GD;ES;ES;ES;ES;ES;ES;-5.196789836;MSMEG_2441_5;signal peptidase I, bacterial type; Region: sigpep_I_bact; TIGR02227;;Middle Gene;;lepB;Cleavage of N-terminal leader sequences from secreted protein precursors.;Probable signal peptidase I LepB (SPASE I) (leader peptidase I).;2440-2441-2442;Middle Gene
MSMEG_2519;Rv2890c;rpsB;02 F2;ES;ES;ES;ES;ES;ES;ES;-7.534730861;MSMEG_2519_5;30S ribosomal protein S2; Provisional; Region: rpsB; PRK05299;First Gene;;rpsB;Involved in translation mechanism.;30S ribosomal protein S2 RpsB;2519-2520;First Gene
MSMEG_2540;Rv2883c;pyrH;03 A7;ES;ES;ES;ES;ES;ES;ES;-4.740243942;MSMEG_2540_2;UMP kinase (UMPK)-Ec, the microbial/chloroplast uridine monophosphate kinase (uridylate kinase) enzyme that catalyzes UMP phosphorylation and plays a key role in pyrimidine nucleotide biosynthesis; regulation of this process is via feed-back control and...; Region: AAK_UMPK-PyrH-Ec; cd04254;First Gene;;pyrH;Uridine monophosphate kinase [catalytic activity: ATP + UMP = ADP + UDP].;Probable uridylate kinase PyrH (UK) (uridine monophosphate kinase) (UMP kinase);2540-2541;First Gene
MSMEG_2541;Rv2882c;frr;04 C1;ES;ES;NE;ES;ES;ES;ES;-2.538208296;MSMEG_2541_3;ribosome recycling factor; Reviewed; Region: frr; PRK00083;Last Gene;;frr;Responsible for the release of ribosomes from messenger RNA at the termination of protein biosynthesis. May increase the efficiency of translation by recycling ribosomes from one round of translation to another.;Ribosome recycling factor Frr (ribosome releasing factor) (RRF);2540-2541;Last Gene
MSMEG_2543;Rv2881c;cdsA;02 F3;ES;NE;ES;ES;ES;ES;ES;-7.416164165;MSMEG_2543_3;Cytidylyltransferase family; Region: CTP_transf_1; pfam01148;;Only Gene;;cdsA;Involved in the phospholipid biosynthesis [catalytic activity: CTP + phosphatidate = pyrophosphate + CDP-diacylglycerol].;Probable integral membrane phosphatidate cytidylyltransferase CdsA (CDP-diglyceride synthetase) (CDP-diglyceride pyrophosphorylase) (CDP-diacylglycerol synthase) (CDS) (CTP:phosphatidate cytidylyltransferase) (CDP-DAG synthase) (CDP-DG synthetase);2543;Only Gene
MSMEG_2578;Rv2870c;dxr;03 C8;ES;ES;ES;ES;ES;NE;ES;-4.319009979;MSMEG_2578_2;1-deoxy-D-xylulose 5-phosphate reductoisomerase; Provisional; Region: PRK05447;;Only Gene;;dxr;Involved in the deoxyxylulose-5-phosphate pathway (DXP) of isoprenoid biosynthesis (at the second step). Catalyzes the NADP-dependent rearrangement and reduction of 1-deoxy-D-xylulose-5-phosphate (DXP) to 2-C-methyl-D- erythritol 4-phosphate (MEP).;Probable 1-deoxy-D-xylulose 5-phosphate reductoisomerase Dxr (DXP reductoisomerase) (1-deoxyxylulose-5-phosphate reductoisomerase);2578;Only Gene
MSMEG_2613;Rv2852c;mqo;03 E2;ES;ES;ES;ES;NE;NE;NE;-5.794554589;MSMEG_2613_3;malate:quinone-oxidoreductase; Region: mal_quin_oxido; TIGR01320;;Only Gene;;mqo;Involved in tricarboxylic acid cycle [catalytic activity: (S)-malate + acceptor = oxaloacetate + reduced acceptor].;Probable malate:quinone oxidoreductase Mqo (malate dehydrogenase [acceptor]);2613;Only Gene
MSMEG_2618;Rv2847c;cobA;03 C7;GD;NE;ES;ES;ES;NA;GD;-4.599311844;MSMEG_2618_3;Uroporphyrin-III C-methyltransferase (S-Adenosyl-L-methionine:uroporphyrinogen III methyltransferase, SUMT); Region: SUMT; cd11642;;First Gene;;cysG;Involved in the biosynthesis of siroheme and cobalamin [catalytic activity: 2 S-adenosyl-L-methionine + uroporphyrin III = 2 S-adenosyl-L-homocysteine + sirohydrochlorin]. SAM-dependent methyl transferase that methylates uroporphyrinogen III at position C-2 and C-7 to form precorrin-2 and then position C-12 or C-18 to form trimethylpyrrocorphin 2. It catalyzes also the conversion of precorrin-2 into siroheme (consisting of an oxidation and FE(2+) chelation).;Possible multifunctional enzyme siroheme synthase CysG: uroporphyrin-III C-methyltransferase (urogen III methylase) (SUMT) (uroporphyrinogen III methylase) (UROM) + precorrin-2 oxidase + ferrochelatase;2618-2619-2620;First Gene
MSMEG_2621;Rv2845c;proS;02 B7;ES;ES;ES;ES;ES;ES;ES;-7.120082322;MSMEG_2621_5;prolyl-tRNA synthetase; Provisional; Region: PRK09194;;Only Gene;;proS;Involved in translation mechanism [catalytic activity: ATP + L-proline + tRNA(pro) = AMP + pyrophosphate + L-prolyl-tRNA(pro)].;Probable prolyl-tRNA synthetase ProS (proline--tRNA ligase) (PRORS) (global RNA synthesis factor) (proline translase);2621;Only Gene
MSMEG_2625;Rv2841c;nusA;02 A10;NE;ES;ES;ES;ES;ES;ES;-6.61592373;MSMEG_2625_1;transcription elongation factor NusA; Provisional; Region: nusA; PRK12327;Last Gene;;nusA;Could participates in both the termination and antitermination of transcription.;Probable N utilization substance protein A NusA;2624-2625;Last Gene
MSMEG_2628;Rv2839c;infB;03 D9;ES;ES;ES;ES;ES;ES;ES;-3.973793468;MSMEG_2628_3;translation initiation factor IF-2; Validated; Region: infB; PRK05306;Only Gene;;infB;If-2, one of the essential components for the initiation of protein synthesis in vitro, protects formylmethionyl-tRNA from spontaneous hydrolysis and promotes its binding to the 30S ribosomal subunits. It is also involved in the hydrolysis of GTP during the formation of the 70S ribosomal complex.;Probable translation initiation factor if-2 InfB;2628;Only Gene
MSMEG_2653;Rv2786c;ribF;02 D4;ES;NE;ES;ES;ES;ES;ES;-7.376426116;MSMEG_2653_1;bifunctional riboflavin kinase/FMN adenylyltransferase; Reviewed; Region: PRK05627;;Only Gene;;ribF;Involved in FAD biosynthesis [catalytic activity 1: ATP + riboflavin = ADP + FMN] [catalytic activity 2: ATP + FMN = diphosphate + FAD].;Probable bifunctional FAD synthetase/riboflavin biosynthesis protein RibF: riboflavin kinase (flavokinase) + FMN adenylyltransferase (FAD pyrophosphorylase) (FAD synthetase)(FAD diphosphorylase) (flavin adenine dinucleotide synthetase);2653;Only Gene
MSMEG_2656;Rv2783c;gpsI;02 F4;ES;ES;ES;ES;ES;NA;ES;-7.366754705;MSMEG_2656_2;Polyribonucleotide nucleotidyltransferase, RNA binding domain; Region: PNPase; cl28027;;First Gene;;gpsI;Involved in mRNA degradation. Hydrolyses single-stranded polyribonucleotides processively in the 3' to 5' direction. Involved in the RNA degradosome, a multi-enzyme complex important in RNA processing and messenger RNA degradation [catalytic activity: RNA(N+1) + phosphate = RNA(N) + a nucleoside diphosphate].;Bifunctional protein polyribonucleotide nucleotidyltransferase GpsI: guanosine pentaphosphate synthetase + polyribonucleotide nucleotidyltransferase (polynucleotide phosphorylase) (pnpase);2656-2657;First Gene
MSMEG_2670;Rv2764c;thyA;01 A3;GD;ES;ES;ES;ES;NA;GD;-8.943774847;MSMEG_2670_1;thymidylate synthase; Reviewed; Region: thyA; PRK01827;First Gene;;thyA;Involved in deoxyribonucleotide biosynthesis. Provides the sole de novo source of dTMP for DANA biosynthesis [catalytic activity: 5,10-methylenetetrahydrofolate + dUMP = dihydrofolate + dTMP].;Probable thymidylate synthase ThyA (ts) (TSASE);2670-2671-2672;First Gene
MSMEG_2684;Rv2753c;dapA;03 F12;GD;ES;NE;ES;ES;ES;ES;-2.82358555;MSMEG_2684_1;dihydrodipicolinate synthase; Provisional; Region: PRK03170;;First Gene;;dapA;Involved in biosynthesis of diaminopimelate and lysine from aspartate semialdehyde (at the first step) [catalytic activity: L-aspartate 4-semialdehyde + pyruvate = dihydrodipicolinate + 2 H(2)O].;Probable dihydrodipicolinate synthase DapA (DHDPS) (dihydrodipicolinate synthetase);2684-2685;First Gene
MSMEG_2690;Rv2748c;-;02 B2;ES;GD;ES;ES;ES;ES;ES;-7.593503172;MSMEG_2690_3;DNA segregation ATPase FtsK/SpoIIIE and related proteins [Cell cycle control, cell division, chromosome partitioning]; Region: FtsK; COG1674;;Only Gene;;ftsK;Possibly involved in cell division processes;Possible cell division transmembrane protein FtsK;2690;Only Gene
MSMEG_2758;Rv2703;-;01 G6;ES;ES;ES;ES;ES;ES;ES;-8.396776011;MSMEG_2758_2;RNA polymerase sigma factor; Provisional; Region: PRK05901;;Only Gene;;sigA;The sigma factor is an initiation factor that promotes attachment of the RNA polymerase to specific initiation sites and then is released. This is the primary sigma-factor of this bacteria. Supposedly involved in the housekeeping regulons.;RNA polymerase sigma factor SigA (sigma-A);2758;Only Gene
MSMEG_2776;Rv2682c;dxs;01 A11;ES;ES;ES;ES;ES;ES;ES;-7.883277751;MSMEG_2776_3;Deoxyxylulose-5-phosphate synthase [Coenzyme transport and metabolism, Lipid transport and metabolism]; Region: Dxs; COG1154;;Only Gene;;dxs1;Involved in the deoxyxylulose-5-phosphate pathway (DXP) of isoprenoidbiosynthesis (at the first step), and in the biosynthetic pathway to thiamine and pyridoxol (at the first step). Catalyzes the acyloin condensation reaction between atoms 2 and 3 of pyruvate and glyceraldehyde 3-phosphate to yield 1-deoxy-D-xylulose-5-phosphate (DXP).;Probable 1-deoxy-D-xylulose 5-phosphate synthase Dxs1 (1-deoxyxylulose-5-phosphate synthase) (DXP synthase) (DXPS);2776;Only Gene
MSMEG_2780;Rv2678c;hemE;01 E11;ES;GD;ES;ES;ES;NA;ES;-7.751209288;MSMEG_2780_2;uroporphyrinogen decarboxylase; Validated; Region: hemE; PRK00115;First Gene;;hemE;Involved in porphyrin biosynthesis [catalytic activity: uroporphyrinogen III = coproporphyrinogen + 4 CO(2)].;Probable uroporphyrinogen decarboxylase HemE (uroporphyrinogen III decarboxylase) (URO-D) (UPD);2780-2781;First Gene
MSMEG_2782;Rv2676c;-;02 H4;ES;GD;ES;ES;ES;NE;ES;-7.321184106;MSMEG_2782_1;Chlorite dismutase [Inorganic ion transport and metabolism]; Region: YwfI; COG3253;;First Gene;;Rv2676c;Function unknown;Conserved protein;2782-2783;First Gene
MSMEG_2931;Rv2614c;thrS;01 G10;ES;ES;ES;ES;ES;ES;ES;-7.925049965;MSMEG_2931_3;threonyl-tRNA synthetase; Reviewed; Region: thrS; PRK12305;Last Gene;;thrS;Involved in translation mechanism [catalytic activity: ATP + L-threonine + tRNA(THR) = AMP + pyrophosphate + L-threonyl-tRNA(THR)].;Probable threonyl-tRNA synthetase ThrS (threonine-tRNA synthetase)(ThrRS) (threonine-tRNA ligase);2929-2930-2931;Last Gene
MSMEG_2934;Rv2611c;-;03 A3;GD;NE;ES;ES;ES;ES;ES;-5.645223687;MSMEG_2934_1;lipid A biosynthesis lauroyl acyltransferase; Provisional; Region: PRK07920;;Last Gene;;Rv2611c;Catalyzes the acylation of the 6-position of the mannose residue linked to position 2 of the myo-inositol in phosphatylinositol mono- and DI-mannosides.;Probable acyltransferase;2932-2933-2934;Last Gene
MSMEG_2935;Rv2610c;-;03 B11;ES;ES;NE;ES;ES;NA;ES;-3.343158127;MSMEG_2935_1;This family is most closely related to the GT1 family of glycosyltransferases and named after YqgM in Bacillus licheniformis about which little is known. Glycosyltransferases catalyze the transfer of sugar moieties from activated donor molecules to...; Region: GT1_YqgM_like; cd03801;;First Gene;;pimA;Involved in the first mannosylation step in phosphatidylinositol mannoside biosynthesis (transfer of mannose residues onto PI, leading to the synthesis of phosphatidylinositol monomannoside).;Alpha-mannosyltransferase PimA;2935-2936;First Gene
MSMEG_2936;Rv2609c;-;04 F1;ES;ES;ES;ES;NE;NE;ESD;-2.459815902;MSMEG_2936_3;Members of the Nudix hydrolase superfamily catalyze the hydrolysis of NUcleoside DIphosphates linked to other moieties, X. Enzymes belonging to this superfamily requires a divalent cation, such as Mg2+ or Mn2+, for their activity and contain a highly...; Region: Nudix_Hydrolase_26; cd04685;;Last Gene;;Rv2609c;Unknown;Probable conserved membrane protein;2935-2936;Last Gene
MSMEG_2961;Rv2587c;secD;03 F6;ES;ES;ES;ES;ES;NA;ES;-4.840412701;MSMEG_2961_4;preprotein translocase subunit SecD; Reviewed; Region: secD; PRK05812;Only Gene;;secD;Involved in protein export. Part of the prokaryotic protein translocation apparatus which comprise SECA, SECB, SECD, SECE, SECF, SECG and SECY.;Probable protein-export membrane protein SecD;2961;Only Gene
MSMEG_2962;Rv2586c;secF;03 F7;GD;ES;ES;ES;ES;NA;ESD;-4.518613727;MSMEG_2962_2;preprotein translocase subunit SecF; Reviewed; Region: secF; PRK13022;Only Gene;;secF;Involved in protein export. Part of the prokaryotic protein translocation apparatus which comprise SECA, SECB, SECD, SECE, SECF, SECG and SECY.;Probable protein-export membrane protein SecF;2962;Only Gene
MSMEG_2976;Rv2580c;hisS;02 D2;ES;ES;ES;ES;ES;ES;ES;-7.553130072;MSMEG_2976_1;histidyl-tRNA synthetase; Reviewed; Region: hisS; PRK00037;Only Gene;;hisS;Involved in translation mechamism [catalytic activity: ATP + L-histidine + tRNA(his) = AMP + pyrophosphate + L-histidyl-tRNA(his)].;Probable histidyl-tRNA synthetase HisS (histidine--tRNA ligase) (HISRS) (histidine--translase);2976;Only Gene
MSMEG_3003;Rv2572c;aspS;01 H7;ES;ES;ES;ES;ES;NA;ES;-8.257906365;MSMEG_3003_3;aspartyl-tRNA synthetase; Validated; Region: aspS; PRK00476;First Gene;;aspS;Involved in translation mechanism [catalytic activity: ATP + L-aspartate + tRNA(asp) = AMP + pyrophosphate + L-aspartyl-tRNA(asp)].;Probable aspartyl-tRNA synthetase AspS (aspartate--tRNA ligase) (ASPRS) (aspartic acid translase);3003-3004;First Gene
MSMEG_3025;Rv2555c;alaS;01 F12;ES;ES;ES;ES;ES;ES;ES;-7.70085582;MSMEG_3025_5;alanyl-tRNA synthetase; Reviewed; Region: alaS; PRK00252;Only Gene;;alaS;Involved in translation mechanism [catalytic activity: ATP + L-alanine + tRNA(ala) = AMP + pyrophosphate + L-alanyl-tRNA (ala)].;Probable alanyl-tRNA synthetase AlaS (alanine--tRNA ligase) (alanine translase) (ALARS);3025;Only Gene
MSMEG_3030;Rv2540c;aroC;01 A1;ES;GD;ES;ES;ES;ES;ES;-10.18202184;MSMEG_3030_3;chorismate synthase; Validated; Region: PRK05382;;First Gene;;aroF;Involved at the seventh step in the biosynthesis of chorismate within the biosynthesis of aromatic amino acids (the shikimate pathway) [catalytic activity: 5-O-(1-carboxyvinyl)-3-phosphoshikimate = chorismate + orthophosphate].;Probable chorismate synthase AroF (5-enolpyruvylshikimate-3-phosphate phospholyase);3031-3031-3033;First Gene
MSMEG_3031;Rv2539c;aroK;03 F2;ES;GD;ES;ES;NE;ES;ES;-5.710944155;MSMEG_3031_4;shikimate kinase; Reviewed; Region: aroK; PRK00131;Middle Gene;;aroK;Involved at the fifth step in the biosynthesis of chorismate within the biosynthesis of aromatic amino acids (the shikimate pathway) [catalytic activity: ATP + shikimate = ADP + shikimate 3-phosphate].;Shikimate kinase AroK (SK);3031-3031-3033;Middle Gene
MSMEG_3033;Rv2538c;aroB;04 H1;ES;GD;NE;ES;ES;ES;ES;-2.337410747;MSMEG_3033_2;3-dehydroquinate synthase; Reviewed; Region: aroB; PRK00002;Last Gene;;aroB;Involved at the second step in the biosynthesis of chorismate within the biosynthesis of aromatic amino acids (the shikimate pathway) [catalytic activity: 7-phospho-3-deoxy-arabino-heptulosonate = 3-dehydroquinate + orthophosphate].;3-dehydroquinate synthase AroB;3031-3031-3033;Last Gene
MSMEG_3046;Rv1383;carA;02 G7;ES;ES;ES;ES;ES;ES;ES;-6.947315492;MSMEG_3046_1;carbamoyl phosphate synthase small subunit; Reviewed; Region: PRK12564;;Only Gene;;carA;Involved in both arginine and pyrimidine biosynthesis [catalytic activity: 2 ATP + L-glutamine + CO(2) + H(2)O = 2 ADP + phosphate + glutamate + carbamoyl phosphate];Probable carbamoyl-phosphate synthase small chain CarA (carbamoyl-phosphate synthetase glutamine chain);3046;Only Gene
MSMEG_3047;Rv1384;carB;02 B8;ES;ES;ES;ES;ES;NA;ES;-6.888012585;MSMEG_3047_4;carbamoyl phosphate synthase large subunit; Reviewed; Region: carB; PRK05294;Only Gene;;carB;Involved in both arginine and pyrimidine biosynthesis [catalytic activity: 2 ATP + L-glutamine + CO(2) + H(2)O = 2 ADP + phosphate + glutamate + carbamoyl phosphate.];Probable carbamoyl-phosphate synthase large chain CarB (carbamoyl-phosphate synthetase ammonia chain);3047;Only Gene
MSMEG_3048;Rv1385;pyrF;02 C8;ES;ES;NE;ES;NE;NA;ES;-6.871720462;MSMEG_3048_1;orotidine 5'-phosphate decarboxylase; Reviewed; Region: pyrF; PRK00125;Only Gene;;pyrF;Involved in the biosynthesis of pyrimidines [catalytic activity: orotidine 5'-phosphate = UMP + CO(2)];Probable orotidine 5'-phosphate decarboxylase PyrF (OMP decarboxylase) (ompdecase);3048;Only Gene
MSMEG_3051;Rv1389;gmk;01 B4;GD;NE;ES;ES;ES;ES;ES;-8.640642617;MSMEG_3051_5;guanylate kinase; Provisional; Region: gmk; PRK00300;Only Gene;;gmk;Essential for recycling GMP and indirectly, CGMP [catalytic activity: ATP + GMP = ADP + GDP];Probable guanylate kinase Gmk;3051;Only Gene
MSMEG_3053;Rv1390;rpoZ;02 A4;GD;NE;ES;ES;ES;ES;ES;-7.406757738;MSMEG_3053_4;DNA-directed RNA polymerase, omega subunit; Region: rpoZ; TIGR00690;;First Gene;;rpoZ;Promotes RNA polymerase assembly. Latches the N-and C-terminal regions of the beta' subunit thereby faciltating its interaction with the beta and alpha subunits [catalytic activity: N nucleoside triphosphate = N diphosphate + {RNA}N].;Probable DNA-directed RNA polymerase (omega chain) RpoZ (transcriptase omega chain) (RNA polymerase omega subunit);3053-3054;First Gene
MSMEG_3054;Rv1391;coaBC;03 A2;GD;NE;ES;ES;ES;ES;ES;-5.892007757;MSMEG_3054_2;bifunctional phosphopantothenoylcysteine decarboxylase/phosphopantothenate synthase; Validated; Region: PRK05579;;Last Gene;;dfp;Flavoprotein affecting synthesis of DNA and pantothenate metabolism;Probable DNA/pantothenate metabolism flavoprotein homolog Dfp;3053-3054;Last Gene
MSMEG_3055;Rv1392;metK;01 G12;ES;ES;ES;ES;ES;ES;ES;-7.700079142;MSMEG_3055_2;S-adenosylmethionine synthetase; Validated; Region: PRK05250;;Only Gene;;metK;Involved in the activated methyl cycle. Catalyzes the formation of S-adenosylmethionine from methionine and ATP. The overall synthetic reaction is composed of two sequential steps, AdoMet formation and the subsequent tripolyphosphate hydrolysis which occurs prior to release of AdoMet from the enzyme. [catalytic activity : ATP + L-methionine + H(2)O = phosphate + diphosphate + S-adenosyl-L-methionine];Probable S-adenosylmethionine synthetase MetK (mat) (AdoMet synthetase) (methionine adenosyltransferase);3055;Only Gene
MSMEG_3061;Rv1402;priA;03 E11;ES;ES;ES;ES;ES;NE;ES;-3.1183973;MSMEG_3061_2;primosome assembly protein PriA; Provisional; Region: PRK14873;;Only Gene;;priA;"Recognizes a specific hairpin sequence on PHIX SSDNA; this structure is then recognized and bound by proteins PRIB and PRIC. Formation of the primosome proceeds with the subsequent actions of DNAB, DNAC, DNAT and primase. PRIA then functions as a helicase within the primosome";Putative primosomal protein N' PriA (replication factor Y);3061;Only Gene
MSMEG_3066;Rv1408;rpe;01 G3;ES;ES;ES;ES;ES;NA;GD;-8.787249608;MSMEG_3066_1;ribulose-phosphate 3-epimerase; Validated; Region: PRK05581;;First Gene;;rpe;Involved in the calvin cycle [catalytic activity: D-ribulose 5-phosphate = D-xylulose 5- phosphate];Probable ribulose-phosphate 3-epimerase Rpe (PPE) (R5P3E) (pentose-5-phosphate 3-epimerase);3066-3067;First Gene
MSMEG_3067;Rv1409;ribD;03 A4;ES;ES;ES;ES;ES;ES;ES;-5.53406044;MSMEG_3067_2;MafB19-like deaminase; Region: MafB19-deam; cl26022;;Last Gene;*;ribG;Involved in riboflavin biosynthesis (at the second and third steps). Converts 2,5-diamino-6-(ribosylamino)-4(3H)-pyrimidinone 5'-phosphate into 5-amino-6-(ribosylamino)-2,4(1H,3H)-pyrimidinedione 5'-phosphate [catalytic activity 1: 2,5-diamino-6-hydroxy-4-(5-phosphoribosylamino)pyrimidine + H(2)O = 5-amino-6-(5-phosphoribosylamino)uracil + NH(3)] [catalytic activity 2: 5-amino-6-(5-phosphoribitylamino)uracil + NADP(+) = 5-amino-6-(5-phosphoribosylamino)uracil + NADPH].;Probable bifunctional riboflavin biosynthesis protein RibG : diaminohydroxyphosphoribosylaminopyrimidine deaminase (riboflavin-specific deaminase) + 5-amino-6-(5-phosphoribosylamino) uracil reductase (HTP reductase);3066-3067;Last Gene
MSMEG_3072;Rv1415;-;03 G1;ES;ES;ES;ES;ES;ES;ES;-5.967445313;MSMEG_3072_4;bifunctional 3,4-dihydroxy-2-butanone 4-phosphate synthase/GTP cyclohydrolase II protein; Provisional; Region: PRK09311;;Only Gene;;ribA2;Involved in riboflavin biosynthesis [catalytic activity: GTP + 3 H(2)O = formate + 2,5-diamino-6-hydroxy-4-(5-phosphoribosylamino)pyrimidine + diphosphate].;Probable riboflavin biosynthesis protein RibA2 : GTP cyclohydrolase II + 3,4-dihydroxy-2-butanone 4-phosphate synthase (DHBP synthase);3072;Only Gene
MSMEG_3081;Rv1423;-;02 D5;ES;NE;ES;ES;ES;NE;ES;-7.248766734;MSMEG_3081_1;DNA-binding protein WhiA; Region: DNA_bind_WhiA; TIGR00647;;Only Gene;;whiA;Involved in transcriptional mechanism;Probable transcriptional regulatory protein WhiA;3081;Only Gene
MSMEG_3084;Rv1436;gap;03 F10;GD;ES;NE;ES;ES;ES;GD;-3.526109969;MSMEG_3084_5;Glyceraldehyde-3-phosphate dehydrogenase/erythrose-4-phosphate dehydrogenase [Carbohydrate transport and metabolism]; Region: GapA; COG0057;;Only Gene;;gap;Involved in second phase of glycolysis (first step) [catalytic activity: D-glyceraldehyde 3-phosphate + phosphate + NAD(+) = 3-phospho-D-glyceroyl phosphate + NADH.];Probable glyceraldehyde 3-phosphate dehydrogenase Gap (GAPDH);3084;Only Gene
MSMEG_3085;Rv1437;pgk;04 A2;GD;ES;NE;ES;ES;ES;GD;-2.242876012;MSMEG_3085_1;phosphoglycerate kinase; Provisional; Region: pgk; PRK00073;Only Gene;;pgk;Involved in the second phase of glycolysis (second step) [catalytic activity: ATP + 3-phospho-D-glycerate = ADP + 3-phospho-D-glyceroyl phosphate];Probable phosphoglycerate kinase Pgk;3085;Only Gene
MSMEG_3103;Rv1449c;tkt;03 B7;ES;ES;ES;ES;ES;ES;ES;-4.705149996;MSMEG_3103_5;Transketolase [Carbohydrate transport and metabolism]; Region: TktA; COG0021;;Only Gene;;tkt;This enzyme, together with transaldolase, provides a link between the glycolytic and pentose-phosphate pathways. It catalyzes the reversible transfer of a two-carbon KETOL unit from xylulose 5-phosphate to an aldose receptor [catalytic activity: sedoheptulose 7-phosphate + D-glyceraldehyde 3-phosphate = D-ribose 5-phosphate + D-xylulose 5-phosphate];Transketolase Tkt (TK);3103;Only Gene
MSMEG_3123;Rv1461;sufD;02 G3;ES;ES;ES;ES;ES;ES;ES;-7.415065677;MSMEG_3123_4;Uncharacterized protein family (UPF0051); Region: UPF0051; cl27565;;Last Gene;;Rv1461;Function unknown;Conserved protein;3122-3123;Last Gene
MSMEG_3124;Rv1463;sufC;02 D3;ES;ES;ES;ES;ES;ES;ES;-7.464087882;MSMEG_3124_2;FeS assembly ATPase SufC; Region: sufC; TIGR01978;;First Gene;;Rv1463;Thought to be involved in active transport across the membrane. Responsible for energy coupling to the transport system.;Probable conserved ATP-binding protein ABC transporter;3124-3125-3126;First Gene
MSMEG_3125;Rv1464;-;02 H3;ES;ES;ES;ES;ES;ES;ES;-7.409051439;MSMEG_3125_1;cysteine desulfurases, SufSfamily; Region: sufS; TIGR01979;;Middle Gene;;csd;Catalyzes the removal of elemental sulfur and selenium atoms from L-cysteine, L-cystine, L-selenocysteine, and L-selenocystine to produce L-alanine;Probable cysteine desulfurase Csd;3124-3125-3126;Middle Gene
MSMEG_3143;Rv1475c;acnA;01 C8;ES;ES;ES;ES;ES;ES;ES;-8.249445341;MSMEG_3143_5;aconitate hydratase; Validated; Region: PRK09277;;Only Gene;;acn;Involved in tricarboxylic acid cycle [catalytic activity: citrate = cis-aconitate + H2O];Probable iron-regulated aconitate hydratase Acn (citrate hydro-lyase) (aconitase);3143;Only Gene
MSMEG_3150;Rv1483;fabG;02 F6;ES;ES;ES;ES;ES;NE;ES;-7.159669547;MSMEG_3150_5;beta-Keto acyl carrier protein reductase (BKR), involved in Type II FAS, classical (c) SDRs; Region: BKR_SDR_c; cd05333;;Only Gene;;fabG1;"Involved in the fatty acid biosynthesis pathway (first reduction step) (mycolic acid biosynthesis); reduces KASA/KASB products [catalytic activity: (3R)-3-hydroxyacyl-[acyl-carrier protein] + NADP+ = 3-oxoacyl-[acyl-carrier protein] + NADPH].";3-oxoacyl-[acyl-carrier protein] reductase FabG1 (3-ketoacyl-acyl carrier protein reductase) (mycolic acid biosynthesis a protein);3150;Only Gene
MSMEG_3151;Rv1484;-;02 H8;ES;ES;ES;ES;ES;NE;ES;-6.827310944;MSMEG_3151_2;enoyl-(acyl carrier protein) reductase; Provisional; Region: PRK07889;;First Gene;;inhA;This isozyme is involved in mycolic acid biosynthesis. Second reductive step in fatty acid biosynthesis. Involved in the resistance against the antituberculosis drugs isoniazid and ethionamide [catalytic activity: acyl-[acyl-carrier protein] + NAD(+) = trans-2,3-dehydroacyl-[acyl-carrier protein] + NADH].;NADH-dependent enoyl-[acyl-carrier-protein] reductase InhA (NADH-dependent enoyl-ACP reductase);3151-3152;First Gene
MSMEG_3152;Rv1485;hemH;03 G7;ES;ES;NE;ES;ES;ES;ES;-4.518486724;MSMEG_3152_4;ferrochelatase; Reviewed; Region: hemH; PRK00035;Last Gene;;hemZ;Involved in protoheme biosynthesis (last step). Catalyzes the insertion of ferrous iron into protoporphyrin IX to form protoheme [catalytic activity: protoporphyrin + FE(2+) = protoheme + 2 H(+)].;Ferrochelatase HemZ (protoheme ferro-lyase) (heme synthetase);3151-3152;Last Gene
MSMEG_3169;Rv1536;ileS;01 B7;ES;ES;ES;ES;ES;NA;ES;-8.362513723;MSMEG_3169_2;isoleucyl-tRNA synthetase; Reviewed; Region: ileS; PRK06039;Only Gene;;ileS;Charging ILE tRNA [catalytic activity: ATP + L-isoleucine + tRNA(ILE) = AMP + diphosphate + L-isoleucyl-tRNA(ILE)].;Isoleucyl-tRNA synthetase IleS;3169;Only Gene
MSMEG_3178;Rv1547;dnaE;01 F9;ES;ES;ES;ES;ES;ES;ES;-8.078048655;MSMEG_3178_2;DNA polymerase III subunit alpha; Validated; Region: dnaE; PRK05673;Only Gene;;dnaE1;DNA polymerase III is a complex, multichain enzyme responsible for most of the replicative synthesis in bacteria. This DNA polymerase also exhibits 3' to 5' exonuclease activity. The alpha chain is the DNA polymerase [catalytic activity: N deoxynucleoside triphosphate = N diphosphate + {DNA}(N)].;Probable DNA polymerase III (alpha chain) DnaE1 (DNA nucleotidyltransferase);3178;Only Gene
MSMEG_3205;Rv1599;hisD;03 F8;ES;ES;ES;ES;ES;ES;ES;-4.173780922;MSMEG_3205_1;bifunctional histidinal dehydrogenase/ histidinol dehydrogenase; Reviewed; Region: hisD; PRK00877;Only Gene;;hisD;Involved in histidine biosynthesis pathway (tenth step). This protein is considered as a bifunctional enzyme, possessing two active sites, one an alcohol dehydrogenase and the other an aldehyde dehydrogenase [catalytic activity: L-histidinol + 2 NAD(+) + H(2)O = L-histidine + 2 NADH].;Probable histidinol dehydrogenase HisD (HDH);3205;Only Gene
MSMEG_3206;Rv1600;hisC;01 H8;ES;ES;ES;ES;ES;ES;ES;-8.15192983;MSMEG_3206_2;histidinol-phosphate aminotransferase; Provisional; Region: PRK03317;;Only Gene;;hisC1;Histidine biosynthesis (eighth step) [catalytic activity: L-histidinol-phosphate + 2-oxoglutarate = 3-(imidazol-4-YL)-2-oxopropyl phosphate + L-glutamate];Probable histidinol-phosphate aminotransferase HisC1;3206;Only Gene
MSMEG_3207;Rv1601;hisB;02 F8;ES;ES;ES;ES;ES;ES;ES;-6.833775608;MSMEG_3207_1;imidazoleglycerol-phosphate dehydratase; Validated; Region: hisB; PRK00951;Only Gene;;hisB;Histidine biosynthesis (seventh step) [catalytic activity: D-erythro-1-(imidazol-4-YL)glycerol 3- phosphate = 3-(imidazol-4-YL)-2-oxopropyl phosphate + H(2)O];Probable imidazole glycerol-phosphate dehydratase HisB;3207;Only Gene
MSMEG_3208;Rv1602;hisH;01 B5;ES;ES;ES;ES;ES;ES;ES;-8.518259729;MSMEG_3208_1;imidazole glycerol phosphate synthase subunit HisH; Provisional; Region: hisH; PRK13146;Only Gene;;hisH;Histidine biosynthesis pathway (fifth step). Catalyzes an amidotransferase reaction that generates imidazole-glycerol phosphate and 5-aminoimidazol-4-carboxamide ribonucleotide, which is used for purine synthesis.;Probable amidotransferase HisH;3208;Only Gene
MSMEG_3209;Rv1603;-;03 G8;ES;ES;NE;ES;ES;ES;ES;-4.134303095;MSMEG_3209_1;phosphoribosyl isomerase A; Provisional; Region: PRK14024;;First Gene;;hisA;Histidine biosynthesis pathway (fourth step) [catalytic activity: N-(5'-phospho-D-ribosylformimino)-5-amino-1-(5''-phosphoribosyl)-4-imidazolecarb oxamide = N-(5'-phospho-D-1'-ribulosylformimino)-5-amino-1-(5''-phosphoribosyl)-4- imidazolecarboxamide.];Probable phosphoribosylformimino-5-aminoimidazole carboxamide ribotide isomerase HisA;3209-3210;First Gene
MSMEG_3211;Rv1605;hisF;03 D10;NE;ES;ES;ES;ES;ES;ES;-3.6749401;MSMEG_3211_1;imidazole glycerol phosphate synthase subunit HisF; Provisional; Region: PRK02083;;First Gene;;hisF;Histidine biosynthesis pathway (sixth step). Catalyzes the cyclization reaction that produces D-erythro-imidazole glycerol phosphate.;Probable cyclase HisF;3211-3212;First Gene
MSMEG_3212;Rv1606;hisI;03 G10;NE;ES;NE;ES;ES;ES;ES;-3.49715842;MSMEG_3212_5;phosphoribosyl-AMP cyclohydrolase; Reviewed; Region: hisI; PRK00051;Last Gene;;hisI;Involved in histidine biosynthesis pathway (at the third step) [catalytic activity: 5-phosphoribosyl-AMP + H(2)O = 5-(5-phospho-D-ribosylaminoformimino)-1-(5-phospho-ribosyl) imidazole-4- carboxamide.];Probable phosphoribosyl-AMP 1,6 cyclohydrolase HisI;3211-3212;Last Gene
MSMEG_3213;Rv3263;-;01 B12;ES;ES;ES;ES;NE;NE;NE;-7.725741157;MSMEG_3213_2;Adenine-specific DNA methylase [Replication, recombination and repair]; Region: YtxK; COG0827;;Only Gene;;Rv3263;Causes DNA methylation.;Probable DNA methylase (modification methylase) (methyltransferase);3213;Only Gene
MSMEG_3219;Rv1611;trpC;01 F7;GD;ES;ES;ES;ES;ES;ES;-8.280417535;MSMEG_3219_4;indole-3-glycerol-phosphate synthase; Reviewed; Region: trpC; PRK00278;Only Gene;;trpC;Tryptophan biosynthesis pathway (fourth step) [catalytic activity: 1-(2-carboxyphenylamino)-1-deoxy-D-ribulose 5-phosphate = 1-(indol-3-YL)glycerol 3-phosphate + CO(2) + H(2)O.];Probable indole-3-glycerol phosphate synthase TrpC;3214;Only Gene
MSMEG_3220;Rv1612;trpB;02 C3;ES;ES;ES;ES;ES;ES;ES;-7.475814479;MSMEG_3220_2;tryptophan synthase subunit beta; Validated; Region: PRK04346;;First Gene;;trpB;Tryptophan biosynthesis pathway (fifth last step). The beta subunit is responsible for the synthesis of L-tryptophan from indole and L-serine. [catalytic activity: L-serine + 1-(indol-3-YL)glycerol 3-phosphate = L-tryptophan + glyceraldehyde 3-phosphate + H(2)O];Tryptophan synthase, beta subunit TrpB;3220-3221;First Gene
MSMEG_3221;Rv1613;trpA;01 D9;ES;ES;ES;ES;ES;ES;ES;-8.119926751;MSMEG_3221_1;tryptophan synthase subunit alpha; Provisional; Region: trpA; PRK13111;Last Gene;;trpA;Tryptophan biosynthesis pathway (fifth - last step). The alpha subunit is responsible for the ALDOL cleavage of indoleglycerol phosphate to indole and glyceraldehyde 3- phosphate. [catalytic activity: L-serine + 1-(indol-3-YL)glycerol 3-phosphate = L-tryptophan + glyceraldehyde 3-phosphate + H(2)O.];Probable tryptophan synthase, alpha subunit TrpA;3220-3221;Last Gene
MSMEG_3621;Rv1854c;ndh;01 G4;ES;ES;ES;ES;ES;NA;GD;-8.549053029;MSMEG_3621_1;NADH dehydrogenase, FAD-containing subunit [Energy production and conversion]; Region: Ndh; COG1252;;Only Gene;;ndh;Transfer of electrons from NADH to the respiratory chain. The immediate electron acceptor for the enzyme is believed to be ubiquinone. Does not couple the redox reaction to proton translocation.;Probable NADH dehydrogenase Ndh;3621;Only Gene
MSMEG_3652;Rv1822;-;03 F4;ES;NE;ES;ES;ES;NA;ES;-5.403463905;MSMEG_3652_2;Phosphatidylglycerophosphate synthase [Lipid transport and metabolism]; Region: PgsA; COG0558;;First Gene;;pgsA2;"Thought to be involved in cardiolipin biosynthesis; generates cardiolipin from phosphatidylglycerol and CDP-diacylglycerol [catalytic activity: may be: phosphatidylglycerol + phosphatidylglycerol -> cardiolipin + glycerol, or: CDP-diacylglycerol + glycerol 3-phosphate = CMP + 3-(3-phosphatidyl)-glycerol 1-phosphate].";Probable CDP-diacylglycerol--glycerol-3-phosphate 3-phosphatidyltransferase PgsA2 (PGP synthase) (phosphatidylglycerophosphate synthase) (3-phosphatidyl-1'-glycerol-3'phosphate synthase);3652-3651;First Gene
MSMEG_3738;Rv1713;engA;01 C10;GD;ES;ES;ES;ES;ES;ES;-8.02308898;MSMEG_3738_5;GTP-binding protein Der; Reviewed; Region: PRK03003;;First Gene;;engA;Binds both GDP and GTP. Has an intrinsic GTPase activity and is essential for cell growth.;Probable GTP-binding protein EngA;3738-3737;First Gene
MSMEG_3739;Rv1712;cmk;03 G2;GD;ES;ES;ES;ES;ES;GD;-5.700445313;MSMEG_3739_2;cytidylate kinase; Provisional; Region: cmk; PRK00023;Last Gene;;cmk;Catalyzes the transfer of a phosphate group from ATP to either CMP or dCMP to form CDP or dCDP and ADP [catalytic activity: ATP + CMP = ADP + CDP].;Cytidylate kinase Cmk (CMP kinase) (cytidine monophosphate kinase) (ck);3740-3739;Last Gene
MSMEG_3746;Rv1699;pyrG;02 E10;ES;ES;ES;ES;ES;ES;ES;-6.547619483;MSMEG_3746_3;CTP synthetase; Validated; Region: pyrG; PRK05380;First Gene;;pyrG;Pyrimidine biosynthesis (last step) [catalytic activity: ATP + UTP + glutamine = ADP + orthophosphate + CTP (ammonia can replace glutamine).];Probable CTP synthase PyrG;3746-3745-3744;First Gene
MSMEG_3758;Rv1689;tyrS;01 A8;ES;ES;ES;ES;ES;ES;ES;-8.256774803;MSMEG_3758_1;tyrosyl-tRNA synthetase; Validated; Region: PRK05912;;;;tyrS;Involved in translation mechanism [catalytic activity: ATP + L-tyrosine + tRNA(TYR) = AMP + diphosphate + L-tyrosyl-tRNA(TYR)];Probable tyrosyl-tRNA synthase TyrS (TYRRS);NA;
MSMEG_3769;Rv1659;argH;01 A4;ES;GD;ES;ES;ES;ES;ES;-8.664198369;MSMEG_3769_1;Argininosuccinate lyase [Amino acid transport and metabolism]; Region: ArgH; cl28390;;Last Gene;;argH;Arginine biosynthesis (last step) [catalytic activity: N-(L-arginino)succinate = fumarate + L- arginine];Probable argininosuccinate lyase ArgH;3770-3669;Last Gene
MSMEG_3770;Rv1658;argG;02 C7;ES;GD;ES;ES;ES;ES;ES;-7.104231809;MSMEG_3770_2;Arginosuccinate synthase; Region: Arginosuc_synth; pfam00764;;First Gene;;argG;Arginine biosynthesis [catalytic activity: ATP + L-citrulline + L-aspartate = AMP + diphosphate + L-argininosuccinate];Probable argininosuccinate synthase ArgG;3770-3669;First Gene
MSMEG_3772;Rv1656;argF;03 H4;NE;GD;ES;ES;NE;ES;ES;-5.324900536;MSMEG_3772_4;ornithine carbamoyltransferase; Provisional; Region: PRK00779;;First Gene;;argF;Involved in arginine biosynthesis [catalytic activity: carbamoyl phosphate + L-ornithine = phosphate + L-citrulline.];Probable ornithine carbamoyltransferase, anabolic ArgF;3772-3771;First Gene
MSMEG_3775;Rv1653;argJ;03 E10;ES;GD;NE;ES;NE;ES;ES;-3.57420278;MSMEG_3775_2;bifunctional ornithine acetyltransferase/N-acetylglutamate synthase protein; Validated; Region: argJ; PRK05388;Only Gene;;argJ;Arginine biosynthesis.;Probable glutamate N-acetyltransferase ArgJ;3775;Only Gene
MSMEG_3776;Rv1652;argC;01 H4;ES;GD;ES;ES;ES;ES;ES;-8.541328977;MSMEG_3776_1;N-acetyl-gamma-glutamyl-phosphate reductase, common form; Region: argC; TIGR01850;;Only Gene;;argC;Involved in arginine biosynthesis (at the third step) [catalytic activity: N-acetyl-L-glutamate 5-semialdehyde + NADP(+) + phosphate = N-acetyl-5-glutamyl phosphate + NADPH].;Probable N-acetyl-gamma-glutamyl-phoshate reductase ArgC;3776;Only Gene
MSMEG_3777;Rv1650;pheT;02 C10;ES;ES;ES;ES;ES;ES;ES;-6.586554598;MSMEG_3777_1;phenylalanyl-tRNA synthetase subunit beta; Reviewed; Region: pheT; PRK00629;Last Gene;;pheT;Charging PHE-tRNA [catalytic activity: ATP + L-phenylalanine + tRNA(PHE) = AMP + diphosphate + L-phenylalanyl-tRNA(PHE)];Probable phenylalanyl-tRNA synthetase, beta chain PheT;3778-3777;Last Gene
MSMEG_3778;Rv1649;pheS;01 B3;ES;ES;ES;ES;ES;ES;ES;-8.899236064;MSMEG_3778_2;phenylalanyl-tRNA synthetase subunit alpha; Validated; Region: pheS; PRK00488;First Gene;;pheS;Charging PHE tRNA [catalytic activity: ATP + L-phenylalanine + tRNA(PHE) = AMP + diphosphate + L-phenylalanyl-tRNA(PHE)];Probable phenylalanyl-tRNA synthetase, alpha chain PheS;3778-3777;First Gene
MSMEG_3791;Rv1643;rplT;03 B6;ES;ES;ES;ES;ES;NA;ES;-4.995098894;MSMEG_3791_3;50S ribosomal protein L20; Provisional; Region: rplT; PRK05185;Last Gene;;rplT;"This protein binds directly to 23S ribosomal RNA and is necessary to the in vitro assembly process of the 50S ribosomal subunit; it is not involved in the protein synthesizing functions of that subunit";50S ribosomal protein L20 RplT;3794-3793-3792-3791;Last Gene
MSMEG_3793;Rv1641;infC;01 D2;ES;ES;ES;ES;ES;ES;ES;-9.062531903;MSMEG_3793_1;translation initiation factor IF-3; Reviewed; Region: infC; PRK00028;Middle Gene;;infC;If-3 binds to the 30S ribosomal subunit and shifts the equilibrum between 70S ribosomes and their 50S and 30S subunits in favor of the free subunits, thus enhancing the availability of 30S subunits on which protein synthesis initiation begins.;Probable initiation factor if-3 InfC;3794-3793-3792-3791;Middle Gene
MSMEG_3833;Rv1630;rpsA;01 F10;ES;ES;ES;ES;ES;ES;ES;-7.952333566;MSMEG_3833_1;30S ribosomal protein S1; Reviewed; Region: rpsA; PRK07899;Only Gene;*;rpsA;"Binds mRNA; thus facilitating recognition of the initiation point. It is needed to translate mRNA with a short shine-dalgarno (SD) purine-rich sequence.";30S ribosomal protein S1 RpsA;3833;Only Gene
MSMEG_3858;Rv2050;-;03 H11;NE;ES;ES;ES;NE;ES;GD;-3.025356103;MSMEG_3858_5;RNA polymerase-binding protein; Region: RbpA; pfam13397;;Only Gene;;Rv2050;Unknown;Conserved protein;3858;Only Gene
MSMEG_3886;Rv2093c;tatC;03 C12;GD;NE;ES;ES;ES;ES;GD;-2.984920291;MSMEG_3886_1;Sec-independent protein secretion pathway component TatC [Intracellular trafficking, secretion, and vesicular transport]; Region: TatC; COG0805;;Middle Gene;;tatC;Involved in proteins export: required for correct localization of precursor proteins bearing signal peptides with the twin arginine conserved motif S/T-R-R-X-F-L-K. This sec-independent pathway is termed tat for twin-arginine translocation system. This system mainly transports proteins with bound cofactors that require folding prior to export.;Sec-independent protein translocase transmembrane protein TatC;3887-3886-3885;Middle Gene
MSMEG_3887;Rv2094c;tatA;04 C2;GD;NE;NE;ES;NE;NA;Uncertain;-2.23140914;MSMEG_3887_1;twin arginine translocase protein A; Provisional; Region: tatA; PRK00575;First Gene;;tatA;Involved in protein export: required for correct localization of precursor proteins bearing signal peptides with the twin arginine conserved motif S/T-R-R-X-F-L-K. This sec-independent pathway is termed tat for twin-arginine translocation system. This system mainly transports proteins with bound cofactors that require folding prior to export.;Sec-independent protein translocase membrane-bound protein TatA;3887-3886-3885;First Gene
MSMEG_4180;Rv2121c;hisG;01 B1;ES;ES;ES;ES;ES;ES;ES;-9.653901965;MSMEG_4180_3;ATP phosphoribosyltransferase; Reviewed; Region: hisG; PRK00489;Middle Gene;;hisG;Involved in histidine biosynthesis.;ATP phosphoribosyltransferase HisG;4181-4180-4179;Middle Gene
MSMEG_4185;Rv2124c;metH;02 E6;ES;ES;ES;ES;NE;NE;NE;-7.164172999;MSMEG_4185_1;5-methyltetrahydrofolate--homocysteine methyltransferase; Region: metH; TIGR02082;;Only Gene;;metH;Involved in biosynthesis of methionine (at the terminal step) [catalytic activity: 5-methyltetrahydrofolate + L-homocysteine = tetrahydrofolate + L-methionine].;5-methyltetrahydrofolate--homocystein methyltransferase MetH (methionine synthase, vitamin-B12 dependent isozyme) (ms);4185;Only Gene
MSMEG_4198;Rv2139;pyrD;03 C1;ES;ES;ES;ES;ES;NE;ES;-6.095354823;MSMEG_4198_2;dihydroorotate dehydrogenase 2; Reviewed; Region: PRK05286;;Last Gene;;pyrD;Pyrimidine biosynthesis;Probable dihydroorotate dehydrogenase PyrD;4197-4198;Last Gene
MSMEG_4217;Rv2145c;-;01 B10;ES;NE;ES;ES;ES;ES;ES;-8.031384168;MSMEG_4217_3;Cell division septum initiation DivIVA, interacts with FtsZ, MinD and other proteins [Cell cycle control, cell division, chromosome partitioning]; Region: DivIVA; COG3599;;First Gene;;wag31;Unknown;Diviva family protein Wag31;4217-4216;First Gene
MSMEG_4219;Rv2147c;-;02 B11;ES;ES;ES;ES;ES;NA;ES;-6.486794807;MSMEG_4219_2;FtsZ-interacting cell division protein YlmF [Cell cycle control, cell division, chromosome partitioning]; Region: YlmF; COG1799;;First Gene;;Rv2147c;Unknown;Conserved hypothetical protein;4219-4218;First Gene
MSMEG_4222;Rv2150c;ftsZ;01 C1;ES;ES;ES;ES;ES;ES;ES;-9.366977836;MSMEG_4222_5;cell division protein FtsZ; Validated; Region: PRK09330;;First Gene;;ftsZ;Essential for cell division. It is thought that the intracellular concentration of FTSZ protein is critical for productive septum formation in mycobacteria.;Cell division protein FtsZ;4222-4221;First Gene
MSMEG_4226;Rv2152c;murC;01 F3;ES;ES;ES;ES;ES;ES;ES;-8.81528722;MSMEG_4226_5;UDP-N-acetylmuramate--L-alanine ligase; Provisional; Region: murC; PRK00421;Only Gene;;murC;"Involved in cell wall formation; peptidoglycan biosynthesis";Probable UDP-N-acetylmuramate-alanine ligase MurC;4226;Only Gene
MSMEG_4227;Rv2153c;murG;01 E6;ES;ES;ES;ES;ES;ES;ES;-8.428224829;MSMEG_4227_4;undecaprenyldiphospho-muramoylpentapeptide beta-N- acetylglucosaminyltransferase; Provisional; Region: murG; PRK00726;Only Gene;;murG;"Involved in cell wall formation; peptidoglycan biosynthesis.";Probable UPD-N-acetylglucosamine-N-acetylmuramyl-(pentapeptide) pyrophosphoryl-undecaprenol-N-acetylglucosamine transferase MurG;4227;Only Gene
MSMEG_4228;Rv2154c;ftsW;02 C11;ES;ES;ES;ES;ES;ES;ESD;-6.475859257;MSMEG_4228_1;cell division protein FtsW; Region: ftsW; TIGR02614;;Only Gene;;ftsW;Unknown;FtsW-like protein FtsW;4228;Only Gene
MSMEG_4229;Rv2155c;murD;01 H6;ES;ES;ES;ES;ES;ES;ES;-8.381326639;MSMEG_4229_4;UDP-N-acetylmuramoyl-L-alanyl-D-glutamate synthetase; Provisional; Region: murD; PRK03369;Only Gene;;murD;"Involved in cell wall formation; peptidoglycan biosynthesis.";Probable UDP-N-acetylmuramoylalanine-D-glutamate ligase MurD;4229;Only Gene
MSMEG_4230;Rv2156c;mraY;01 A7;ES;ES;ES;ES;ES;ES;ES;-8.371994393;MSMEG_4230_3;phospho-N-acetylmuramoyl-pentapeptide-transferase; Provisional; Region: mraY; PRK00108;Only Gene;;murX;"Involved in cell wall formation; peptidoglycan biosynthesis.";Probable phospho-N-acetylmuramoyl-pentappeptidetransferase MurX;4230;Only Gene
MSMEG_4231;Rv2157c;murF;02 E4;ES;ES;ES;ES;ES;ES;ES;-7.371558863;MSMEG_4231_2;UDP-N-acetylmuramoyl-tripeptide--D-alanyl-D-alanine ligase; Region: murF; TIGR01143;;Only Gene;;murF;"Involved in cell wall formation; peptidoglycan biosynthesis.";Probable UDP-N-acetylmuramoylalanyl-D-glutamyl-2,6-diaminopimelate-D-alanyl-D-alanyl ligase MurF;4231;Only Gene
MSMEG_4232;Rv2158c;murE;01 C11;ES;ES;ES;ES;ES;NA;ES;-7.783718558;MSMEG_4232_4;UDP-N-acetylmuramyl-tripeptide synthetase; Region: murE; TIGR01085;;Only Gene;;murE;"Involved in cell wall formation; peptidoglycan biosynthesis.";Probable UDP-N-acetylmuramoylalanyl-D-glutamate-2,6-diaminopimelate ligase MurE;4232;Only Gene
MSMEG_4234;Rv2164c;ftsL;02 G2;ES;ES;ES;ES;ES;ES;GD;-7.516015147;MSMEG_4234_1;NA;;;;Only Gene;;Rv2164c;Unknown;Probable conserved proline rich membrane protein;4234;Only Gene
MSMEG_4248;Rv2182c;-;03 B9;ES;NE;ES;ES;ES;ES;ES;-4.031652094;MSMEG_4248_2;Lysophospholipid Acyltransferases (LPLATs) of Glycerophospholipid Biosynthesis: AGPAT-like; Region: LPLAT_AGPAT-like; cd07989;;Only Gene;;Rv2182c;Transfer of fatty acyl groups;1-acylglycerol-3-phosphate O-acyltransferase;4248;Only Gene
MSMEG_4253;Rv2188c;-;03 C6;ES;ES;ES;ES;ES;ES;ES;-4.96253767;MSMEG_4253_1;This family is most closely related to the GT1 family of glycosyltransferases and named after YqgM in Bacillus licheniformis about which little is known. Glycosyltransferases catalyze the transfer of sugar moieties from activated donor molecules to...; Region: GT1_YqgM_like; cd03801;;Only Gene;;pimB;Involved in lipoarabinomannan (lam) biosynthesis;Mannosyltransferase PimB;4253;Only Gene
MSMEG_4258;Rv2192c;trpD;02 C1;NE;GD;ES;ES;ES;ES;ES;-7.687480667;MSMEG_4258_3;anthranilate phosphoribosyltransferase; Provisional; Region: trpD; PRK00188;Only Gene;;trpD;Tryptophan biosynthesis;Probable anthranilate phosphoribosyltransferase TrpD;4258;Only Gene
MSMEG_4260;Rv2193;-;03 A11;GD;GD;ES;ES;ES;ES;GD;-3.385474375;MSMEG_4260_2;Heme/copper-type cytochrome/quinol oxidase, subunit 3 [Energy production and conversion]; Region: CyoC; COG1845;;Only Gene;;ctaE;Thought to be involved in aerobic respiration.;Probable cytochrome C oxidase (subunit III) CtaE;4260;Only Gene
MSMEG_4261;Rv2194;-;03 G9;GD;GD;ES;ES;ES;ES;GD;-3.966177642;MSMEG_4261_4;Cytochrome c, mono- and diheme variants [Energy production and conversion]; Region: CccA; COG2010;;First Gene;;qcrC;Respiration;Probable ubiquinol-cytochrome C reductase QcrC (cytochrome C subunit);4261-4262;First Gene
MSMEG_4262;Rv2195;-;03 H7;GD;GD;ES;ES;ES;ES;GD;-4.475869066;MSMEG_4262_3;Rieske Fe-S protein [Energy production and conversion]; Region: QcrA; COG0723;;Last Gene;;qcrA;Respiration;Probable rieske iron-sulfur protein QcrA;4261-4262;Last Gene
MSMEG_4263;Rv2196;-;03 H6;GD;GD;ES;ES;ES;ES;GD;-4.77611745;MSMEG_4263_1;Cytochrome b subunit of the bc complex [Energy production and conversion]; Region: QcrB; COG1290;;First Gene;;qcrB;Respiration;Probable ubiquinol-cytochrome C reductase QcrB (cytochrome B subunit);4263;First Gene
MSMEG_4268;Rv2200c;-;03 E5;GD;NE;ES;ES;ES;ES;GD;-5.234367916;MSMEG_4268_2;Heme/copper-type cytochrome/quinol oxidase, subunit 2 [Energy production and conversion]; Region: CyoA; COG1622;;First Gene;;ctaC;Involved in aerobic respiration. Subunit I and II form the functional core of the enzyme complex. Electrons originating in cytochrome C are transferred via heme a and Cu(A) to the binuclear center formed by heme A3 and Cu(B).;Probable transmembrane cytochrome C oxidase (subunit II) CtaC;4268-4267;First Gene
MSMEG_4276;Rv2210c;ilvE;02 A7;ES;ES;ES;ES;ES;ES;ES;-7.124094069;MSMEG_4276_1;branched-chain amino acid aminotransferase; Provisional; Region: PRK13357;;Only Gene;;ilvE;Thought to catalyze the first reaction in the catabolism of the essential branched chain amino acids leucine, isoleucine, and valine [catalytic activity: L-leucine + 2-oxoglutarate = 4-methyl-2-oxopentanoate + L-glutamate].;Branched-chain amino acid transaminase IlvE;4276;Only Gene
MSMEG_4283;Rv2215;sucB;02 A2;ES;NE;ES;ES;ES;ES;NE;-7.599861396;MSMEG_4283_5;e3 binding domain; Region: E3_binding; cl27351;;Only Gene;;dlaT;"Involved in tricarboxylic acid cycle; converts pyruvate to acetyl-CoA and CO2. Also involved in antioxidant defense; LPDC|Rv0462, DLAT|Rv2215, AHPD|Rv2429, and AHPC|Rv2428 constitute an NADH-dependent peroxidase and peroxynitrite reductase that provides protection against oxidative stress.";DlaT, dihydrolipoamide acyltransferase, E2 component of pyruvate dehydrogenase;4283;Only Gene
MSMEG_4286;Rv2218;lipA;03 C2;ES;ES;ES;ES;ES;ES;ES;-5.803835449;MSMEG_4286_1;lipoyl synthase; Provisional; Region: PRK05481;;Only Gene;;lipA;Lipoate biosynthesis;Probable lipoate biosynthesis protein A LipA;4286;Only Gene
MSMEG_4294;Rv2222c;glnA;02 D10;ES;ES;ES;ES;NE;NA;NE;-6.558864551;MSMEG_4294_3;Glutamine synthetase [Amino acid transport and metabolism]; Region: GlnA; COG0174;;Only Gene;;glnA2;Involved in glutamine biosynthesis [catalytic activity: ATP + L-glutamate + NH(3) = ADP + glutamine + orthophosphate].;Probable glutamine synthetase GlnA2 (glutamine synthase) (GS-II);4294;Only Gene
MSMEG_4325;Rv2243;-;01 G11;GD;GD;ES;ES;NE;NA;ES;-7.745775149;MSMEG_4325_1;Malonyl CoA-acyl carrier protein transacylase [Lipid transport and metabolism]; Region: FabD; COG0331;;Only Gene;;fabD;Catalyzes malonyl-CoA-ACP transacylase (MCAT) activity using holo-ACPM as substrate for transacylation [catalytic activity: malonyl-CoA + [acyl-carrier protein] = CoA + malonyl-[acyl-carrier protein]].;Malonyl CoA-acyl carrier protein transacylase FabD (malonyl CoA:ACPM acyltransferase) (MCT);4325;Only Gene
MSMEG_4482;Rv2343c;dnaG;02 C2;GD;ES;ES;ES;ES;ES;ES;-7.575841746;MSMEG_4482_1;DNA primase; Validated; Region: dnaG; PRK05667;Last Gene;;dnaG;DNA primase is the polymerase that synthesizes small RNA primers for the okazaki fragments on both template strands replication FORKS during chromosomal DNA synthesis.;Probable DNA primase DnaG;4483-4482;Last Gene
MSMEG_4485;Rv2357c;glyS;02 E1;ES;ES;ES;ES;ES;ES;ES;-7.676662335;MSMEG_4485_1;glycyl-tRNA synthetase; Provisional; Region: PRK04173;;Only Gene;;glyS;Involved in translation mechanisms [catalytic activity: ATP + L-glycine + tRNA(GLY) = AMP + pyrophosphate + L-glycyl-tRNA(GLY)].;Probable glycyl-tRNA synthetase GlyS (glycine--tRNA ligase) (GLYRS);4485;Only Gene
MSMEG_4490;Rv2361c;uppS;04 E1;ES;ES;ES;ES;ES;ES;ES;-2.528037013;MSMEG_4490_3;synonym=uppS;;;;First Gene;;Rv2361c;Involved in the synthesis of decaprenyl diphosphate, a molecule which has a central role in the biosynthesis of most features of the mycobacterial cell wall. Adds seven more isoprene UNITS to omega,E, Z-farnesyl diphosphate and releases decaprenyl diphosphate.;Long (C50) chain Z-isoprenyl diphosphate synthase (Z-decaprenyl diphosphate synthase);4490-4489;First Gene
MSMEG_4493;Rv2364c;era;03 H10;ES;NE;NE;ES;ES;ES;GD;-3.468414727;MSMEG_4493_2;GTPase Era; Reviewed; Region: era; PRK00089;Only Gene;;era;Binds both GDP and GTP. Has an intrinsic GTPase activity and is essential for cell growth.;Probable GTP-binding protein Era;4493;Only Gene
MSMEG_4527;Rv2391;-;03 E8;GD;ES;ES;ES;ES;ES;NE;-4.177354209;MSMEG_4527_3;Sulfite reductase, beta subunit (hemoprotein) [Inorganic ion transport and metabolism]; Region: CysI; COG0155;;Only Gene;;sirA;Catalyzes the reduction of sulfite to sulfide, in the biosynthesis of sulfur-containing amino acids and co-factors;Ferredoxin-dependent sulfite reductase SirA;4527;Only Gene
MSMEG_4571;Rv2412;rpsT;03 D12;GD;GD;ES;ES;NE;ES;Uncertain;-2.889861439;MSMEG_4571_1;30S ribosomal protein S20; Reviewed; Region: rpsT; PRK00239;Only Gene;;rpsT;Involved in translation mechanisms. Binds directly to 16S ribosomal RNA.;30S ribosomal protein S20 RpsT;4571;Only Gene
MSMEG_4617;Rv2438c;nadE;03 B4;ES;ES;ES;ES;ES;ES;ES;-5.477094434;MSMEG_4617_3;NAD synthetase; Reviewed; Region: nadE; PRK02628;Only Gene;;nadE;Involved in biosynthesis of NAD. Can use both glutamine or ammonia as a nitrogen source [catalytic activity: ATP + deamido-NAD(+) + L-glutamine + H(2)O = AMP + diphosphate + NAD(+) + L-glutamate].;Glutamine-dependent NAD(+) synthetase NadE (NAD(+) synthase [glutamine-hydrolysing]);4617;Only Gene
MSMEG_4621;Rv2439c;proB;03 G12;ES;NE;ES;ES;ES;ES;ES;-2.775395895;MSMEG_4621_4;glutamate 5-kinase; Region: proB; TIGR01027;;Only Gene;;proB;Involved in proline biosynthesis pathway (at the first step). Catalyzes the transfer of a phosphate group to glutamate to form glutamate 5-phosphate which rapidly cyclizes to 5-oxoproline [catalytic activity: ATP + L-glutamate = ADP + L-glutamate 5- phosphate].;Probable glutamate 5-kinase protein ProB (gamma-glutamyl kinase) (GK);4621;Only Gene
MSMEG_4623;Rv2440c;obgE;02 E8;GD;ES;ES;ES;ES;ES;ES;-6.834154981;MSMEG_4623_2;GTPase CgtA; Reviewed; Region: obgE; PRK12296;Last Gene;;obg;Essential GTP-binding protein.;Probable GTP1/Obg-family GTP-binding protein Obg;4625-4624-4623;Last Gene
MSMEG_4626;Rv2444c;-;03 F11;ES;ES;ES;ES;ES;ES;ESD;-3.112271211;MSMEG_4626_1;ribonuclease, Rne/Rng family; Region: RNaseEG; TIGR00757;;Only Gene;;rne;Thought to be involved in several cellular process.;Possible ribonuclease E Rne;4626;Only Gene
MSMEG_4630;Rv2448c;valS;02 B10;ES;ES;ES;ES;ES;ES;ES;-6.612897977;MSMEG_4630_3;valyl-tRNA synthetase; Reviewed; Region: valS; PRK05729;Only Gene;;valS;Involved in translation mechanisms [catalyic activity: ATP + L-valine + tRNA(val) = AMP + diphosphate + L-valyl-tRNA(val)].;Probable valyl-tRNA synthase protein ValS (valyl-tRNA synthetase) (valine--tRNA ligase) (valine translase);4630;Only Gene
MSMEG_4645;Rv2454c;orB;02 B1;GD;GD;ES;ES;ES;NA;GD;-7.687760584;MSMEG_4645_3;2-oxoglutarate ferredoxin oxidoreductase subunit beta; Reviewed; Region: PRK11867;;Last Gene;;Rv2454c;"Function unknown; probably involved in cellular metabolism.";Probable oxidoreductase (beta subunit);4646-4645;Last Gene
MSMEG_4646;Rv2455c;-;02 H2;GD;GD;ES;ES;ES;NA;GD;-7.513332824;MSMEG_4646_2;2-oxoacid:acceptor oxidoreductase, alpha subunit; Region: OAFO_sf; TIGR03710;;First Gene;;Rv2455c;"Function unknown; probably involved in cellular metabolism.";Probable oxidoreductase (alpha subunit);4646-4645;First Gene
MSMEG_4671;Rv2457c;clpX;01 C4;ES;ES;ES;ES;ES;ES;ES;-8.628627802;MSMEG_4671_3;ATP-dependent protease ATP-binding subunit ClpX; Provisional; Region: clpX; PRK05342;Only Gene;;clpX;ATP-dependent specificity component of the CLP protease. It directs the protease to specific substrates. Can perform chaperone functions in the absence of CLPP).;Probable ATP-dependent CLP protease ATP-binding subunit ClpX;4671;Only Gene
MSMEG_4672;Rv2461c;clpP;02 C5;ES;ES;ES;ES;ES;NA;ES;-7.28172331;MSMEG_4672_2;ATP-dependent Clp protease proteolytic subunit; Reviewed; Region: clpP; PRK00277;Last Gene;;clpP1;CLP cleaves peptides in various proteins in a process that requires ATP hydrolysis. CLP may be responsible for a fairly general and central housekeeping function rather than for the degradation of specific substrates.;Probable ATP-dependent CLP protease proteolytic subunit 1 ClpP1 (endopeptidase CLP);4673-4672;Last Gene
MSMEG_4684;Rv2465c;-;02 C4;ES;NE;ES;ES;ES;NE;ES;-7.404545537;MSMEG_4684_3;ribose-5-phosphate isomerase B; Provisional; Region: PRK05571;;First Gene;;rpiB;Interconverts ribose-5-phosphate and ribulose-5-phosphate;Ribose-5-phosphate isomerase;4684-4683;First Gene
MSMEG_4700;Rv2477c;-;03 B10;ES;ES;ES;ES;ES;ES;ES;-3.912064449;MSMEG_4700_2;putative ABC transporter ATP-binding protein; Reviewed; Region: PRK11819;;Only Gene;;Rv2477c;Thought to be involved in active transport of macrolide across the membrane (export): macrolide antibiotics resistance by an export mechanism. Responsible for energy coupling to the transport system.;Probable macrolide-transport ATP-binding protein ABC transporter;4700;Only Gene
MSMEG_4702;Rv0102;-;03 H12;GD;NE;ES;ES;ES;ES;ES;-2.771968278;MSMEG_4702_4;Cytochrome c oxidase assembly factor CtaG [Energy production and conversion, Posttranslational modification, protein turnover, chaperones]; Region: CtaG; COG3336;;Only Gene;;Rv0102;Unknown;Probable conserved integral membrane protein;4702;Only Gene
MSMEG_4757;Rv2524c;-;01 E5;ES;ES;ES;ES;ES;ES;ES;-8.511238726;MSMEG_4757_2;3-oxoacyl-ACP reductase domain of yeast-type FAS1 [Lipid transport and metabolism]; Region: FabG2; COG4982;;Only Gene;;fas;Involved in lipid metabolism. Fatty acid synthetase catalyzes the formation of long-chain fatty acids from acetyl-CoA, malonyl-CoA and NADPH.;Probable fatty acid synthase Fas (fatty acid synthetase);4757;Only Gene
MSMEG_4947;Rv1302;-;02 H10;ES;ES;ES;ES;ES;NE;ES;-6.5116736;MSMEG_4947_3;This subfamily contains Escherichia coli WecA, Bacillus subtilis TagO and related proteins. WecA is an UDP-N-acetylglucosamine (GlcNAc):undecaprenyl-phosphate (Und-P) GlcNAc-1-phosphate transferase that catalyzes the formation of a phosphodiester bond...; Region: GT_WecA_like; cd06853;;Last Gene;;rfe;Thought to be involved in AG biosynthesis. May be the tunicamycin sensitive transferase that catalyzes the synthesis of GlcNAc-pyrophosphorylundecaprenol (lipid I), the first lipid-linked intermediate involved in ECA synthesis.;Probable undecapaprenyl-phosphate alpha-N-acetylglucosaminyltransferase Rfe (UDP-GlcNAc transferase);4948-4947;Last Gene
MSMEG_4950;Rv1299;prfA;04 A1;ES;ES;NE;ES;ES;ES;ES;-2.71361454;MSMEG_4950_3;peptide chain release factor 1; Validated; Region: prfA; PRK00591;Middle Gene;;prfA;Peptide chain release factor 1 directs the termination of translation in response to the peptide chain termination codons UAG and UAA;Probable peptide chain release factor 1 PrfA (RF-1);4951-4950-4949;Middle Gene
MSMEG_4954;Rv1297;rho;02 E5;ES;ES;ES;ES;ES;ES;ES;-7.236918267;MSMEG_4954_1;transcription termination factor Rho; Provisional; Region: PRK12678;;Only Gene;;rho;Facilitates transcription termination by a mechanism that involves rho binding to the nascent RNA, activation of rho'S RNA-dependent ATPase activity, and release of the mRNA from the DNA template;Probable transcription termination factor Rho homolog;4954;Only Gene
MSMEG_4955;Rv1296;thrB;01 D3;ES;ES;ES;ES;ES;ES;ES;-8.892573173;MSMEG_4955_2;Homoserine kinase [Amino acid transport and metabolism]; Region: ThrB; COG0083;;Only Gene;;thrB;Threonine biosynthesis from asparate (fourth step) [catalytic activity: ATP + L-homoserine = ADP + O-phospho-L-homoserine].;Probable homoserine kinase ThrB;4955;Only Gene
MSMEG_4956;Rv1295;thrC;02 B12;ES;ES;ES;ES;ES;ES;ES;-6.342572523;MSMEG_4956_2;threonine synthase; Validated; Region: PRK07409;;Only Gene;;thrC;Involved in threonine biosynthesis [catalytic activity: O-phospho-L-homoserine + H(2)O = L-threonine + phosphate];Threonine synthase ThrC (ts);4956;Only Gene
MSMEG_4957;Rv1294;-;02 D8;ES;ES;ES;ES;ES;ES;ES;-6.850999395;MSMEG_4957_2;homoserine dehydrogenase; Provisional; Region: PRK06349;;Only Gene;;thrA;Involved in the conversion of L-aspartate to homoserine (third step). Homoserine participates in the biosynthesis of threonine and then isoleucine and in the biosynthesis of methionine [catalytic activity: L-homoserine + NAD(P)(+) = L-aspartate 4-semialdehyde + NAD(P)H.];Probable homoserine dehydrogenase ThrA;4957;Only Gene
MSMEG_4958;Rv1293;lysA;02 D1;ES;ES;ES;ES;ES;ES;ES;-7.680254021;MSMEG_4958_3;diaminopimelate decarboxylase; Region: lysA; TIGR01048;;Only Gene;;lysA;Involved in biosynthesis of lysine (last step) [catalytic activity: MESO-2,6-diaminoheptanedioate = L-lysine + CO(2)].;Diaminopimelate decarboxylase LysA (DAP decarboxylase);4958;Only Gene
MSMEG_4959;Rv1292;argS;01 E2;ES;ES;ES;ES;ES;ES;ES;-9.048132628;MSMEG_4959_2;arginyl-tRNA synthetase; Reviewed; Region: argS; PRK01611;Only Gene;;argS;Involved in translation mechanism [catalytic activity: ATP + L-arginine + tRNA(ARG) = AMP + diphosphate + L-arginyl-tRNA(ARG)].;Probable arginyl-tRNA synthetase ArgS (ARGRS) (arginine--tRNA ligase);4959;Only Gene
MSMEG_5049;Rv1248c;kgd;02 D12;GD;ES;ES;ES;ES;ES;NE;-6.287527703;MSMEG_5049_4;alpha-ketoglutarate decarboxylase; Reviewed; Region: kgd; PRK12270;Only Gene;;Rv1248c;Involved in cellular metabolism. Has alpha-ketoglutarate dehydrogenase (KDH) [catalytic activity: 2-oxoglutarate + lipoamide = S-succinyldihydrolipoamide + CO2], alpha-ketoglutarate decarboxylase (KGD) [catalytic activity: 2-oxoglutarate = succinate semialdehyde + CO2], and 2-hydroxy-3-oxoadipate (HOA) synthase [catalytic activity: 2-oxoglutarate + glyoxylate + H+ = 2-hydroxy-3-oxoadipate + CO2] activities.;Multifunctional alpha-ketoglutarate metabolic enzyme;5049;Only Gene
MSMEG_5103;Rv1202;dapE;03 E4;ES;ES;ES;ES;ES;ES;ES;-5.404917158;MSMEG_5103_3;succinyl-diaminopimelate desuccinylase; Reviewed; Region: PRK13007;;First Gene;;dapE;Involved in biosynthesis of diaminopimelate and lysine from aspartate semialdehyde (at the fifth step) [catalytic activity: N-succinyl-ll-2,6-diaminoheptanedioate + H2O = succinate + ll-2,6-diaminoheptanedioate];Probable succinyl-diaminopimelate desuccinylase DapE;5103-5102-5101;First Gene
MSMEG_5223;Rv1111c;-;03 D1;ES;ES;NE;ES;ES;NA;ESD;-6.069744544;MSMEG_5223_4;AF-4 proto-oncoprotein; Region: AF-4; pfam05110;;Only Gene;;Rv1111c;Function unknown;Conserved hypothetical protein;5223;Only Gene
MSMEG_5224;Rv3382c;ispH;01 H12;ES;ES;ES;ES;NE;NE;NE;-7.698344806;MSMEG_5224_1;4-hydroxy-3-methylbut-2-enyl diphosphate reductase; Reviewed; Region: ispH; PRK01045;Only Gene;;lytB1;Unknown. Possibly involved in drug/antibiotic tolerance. In other organisms, LYTB product is involved in penicillin tolerance and control of the stringent response.;Probable LYTB-related protein LytB1;5224;Only Gene
MSMEG_5248;Rv1094;-;03 H5;GD;ES;ES;ES;ES;ES;ES;-5.021682379;MSMEG_5248_3;Ferritin-like superfamily of diiron-containing four-helix-bundle proteins; Region: Ferritin_like; cl00264;;First Gene;;desA2;Thought to catalyze the principal conversion of saturated fatty acids to unsaturated fatty acids. Thought to convert stearoyl-ACP to oleoyl-ACP by introduction of a cis double bond between carbons delta-9 and delta-10 of the acyl chain [catalytic activity: stearoyl-[acyl-carrier protein] + AH2 + O2 = oleoyl-[acyl-carrier protein] + a + 2 H2O].;Possible acyl-[acyl-carrier protein] desaturase DesA2 (acyl-[ACP] desaturase) (stearoyl-ACP desaturase);5248-5247;First Gene
MSMEG_5249;Rv1093;glyA;03 G5;ES;ES;ES;ES;ES;NA;ES;-5.121429909;MSMEG_5249_1;serine hydroxymethyltransferase; Reviewed; Region: glyA; PRK00011;Only Gene;;glyA1;Interconversion of serine and glycine. Key enzyme in the biosynthesis of purines, lipids, hormones and other components [catalytic activity: 5,10-methylenetetrahydrofolate + glycine + H(2)O = tetrahydrofolate + L-serine.];Serine hydroxymethyltransferase 1 GlyA1;5249;Only Gene
MSMEG_5252;Rv1092c;coaA;04 B2;ES;ES;ES;ES;ES;ES;ES;-2.233491806;MSMEG_5252_2;pantothenate kinase; Provisional; Region: PRK05439;;Only Gene;;coaA;Coenzyme A (CoA) biosynthesis [catalytic activity: ATP + pantothenate = ADP + D-4'- phosphopantothenate.];Probable pantothenate kinase CoaA (pantothenic acid kinase);5252;Only Gene
MSMEG_5414;Rv1024;-;03 G3;GD;GD;ES;ES;ES;ES;ES;-5.588821618;MSMEG_5414_2;Cell division protein FtsB [Cell cycle control, cell division, chromosome partitioning]; Region: FtsB; COG2919;;Last Gene;;Rv1024;Unknown;Possible conserved membrane protein;5415-5414;Last Gene
MSMEG_5415;Rv1023;eno;01 B11;ES;GD;ES;ES;ES;ES;GD;-7.788359449;MSMEG_5415_1;enolase; Provisional; Region: eno; PRK00077;First Gene;;eno;Glycolysis [catalytic activity:2-phospho-D-glycerate = phosphoenolpyruvate + H(2)O];Probable enolase Eno;5415-5414;First Gene
MSMEG_5435;Rv1013;-;01 D1;GD;ES;ES;ES;NE;NA;NE;-9.287620044;MSMEG_5435_2;long-chain-fatty-acid--CoA ligase; Validated; Region: PRK07768;;Only Gene;;pks16;Potentially involved in some intermediate steps for the synthesis of a polyketide molecule which may be involved in secondary metabolism.;Putative polyketide synthase Pks16;5425;Only Gene
MSMEG_5441;Rv1007c;metG;02 A11;ES;ES;ES;ES;ES;ES;ES;-6.487422034;MSMEG_5441_5;methionyl-tRNA synthetase; Reviewed; Region: PRK11893;;First Gene;;metS;It is probably essential for cell survival, being required not only for elongation of protein synthesis but also for the initiation of all mRNA translation through initiator tRNA(fMet) aminoacylation [catalytic activity: ATP + L-methionine + tRNA(met) = AMP + diphosphate + L-methionyl-tRNA(met)];Methionyl-tRNA synthetase MetS (MetRS) (methionine--tRNA ligase);5441-5442;First Gene
MSMEG_5515;Rv0957;purH;03 E1;ES;ES;ES;ES;ES;ES;ES;-6.064944676;MSMEG_5515_5;bifunctional phosphoribosylaminoimidazolecarboxamide formyltransferase/IMP cyclohydrolase; Provisional; Region: purH; PRK00881;Only Gene;;purH;Involved in de novo purine biosynthesis (at the ninth and tenth steps) [catalytic activity 1: 10-formyltetrahydrofolate + 5'-phosphoribosyl-5-amino-4-imidazolecarboxamide = tetrahydrofolate + 5'-phosphoribosyl-5-formamido-4-imidazolecarboxamide] [catalytic activity 2: imp + H2O = 5-formamido-1-(5-phosphoribosyl)imidazole-4-carboxamide].;Probable bifunctional purine biosynthesis protein PurH: phosphoribosylaminoimidazolecarboxamide formyltransferase (AICAR transformylase) (5'-phosphoribosyl-5-aminoimidazole-4-carboxamide formyltransferase) + inosinemonophosphate cyclohydrolase (imp cyclohydrolase) (inosinicase) (imp synthetase) (ATIC);5515;Only Gene
MSMEG_5684;Rv0884c;-;01 G8;ES;NE;ES;ES;ES;ES;ES;-8.159669547;MSMEG_5684_5;phosphoserine aminotransferase, putative; Region: serC_3; TIGR01366;;First Gene;;serC;Catalyzes the reversible interconversion of phosphoserine and 2-oxoglutarate to 3-phosphonooxypyruvate and glutamate. Require both in the major phosphorylated pathway of serine biosynthesis and in pyridoxine biosynthesis [catalytic activity: O-phospho-L-serine + 2-oxoglutarate = 3-phosphonooxypyruvate + L-glutamate].;Possible phosphoserine aminotransferase SerC (PSAT);5684-5685;First Gene
MSMEG_5798;Rv0809;purM;01 G1;ES;ES;ES;ES;ES;NE;ES;-9.117253482;MSMEG_5798_4;phosphoribosylaminoimidazole synthetase; Region: purM; TIGR00878;;Only Gene;;purM;Involved in de novo purine biosynthesis (at the fifth step) [catalytic activity: ATP + 5'-phosphoribosylformylglycinamidine = ADP + phosphate + 5'-phosphoribosyl-5-aminoimidazole].;Probable phosphoribosylformylglycinamidine CYCLO-ligase PurM (AIRS) (phosphoribosyl-aminoimidazole synthetase) (air synthase);5798;Only Gene
MSMEG_5800;Rv0808;purF;03 D7;ES;ES;ES;ES;ES;ES;ES;-4.591506966;MSMEG_5800_5;amidophosphoribosyltransferase; Provisional; Region: PRK07847;;Only Gene;;purF;Involved in de novo purine biosynthesis (at the first step) [catalytic activity: 5-phospho-beta-D-ribosylamine + diphosphate + L-glutamate = L-glutamine + 5-phospho-alpha-D-ribose 1-diphosphate + H2O].;Amidophosphoribosyltransferase PurF (glutamine phosphoribosylpyrophosphate amidotransferase) (ATASE) (gpatase);5800;Only Gene
MSMEG_5824;Rv0803;purL;02 D11;ES;GD;ES;ES;ES;ES;ES;-6.458973934;MSMEG_5824_1;phosphoribosylformylglycinamidine synthase II; Provisional; Region: PRK01213;;First Gene;;purL;Involved in de novo purine biosynthesis (at the fourth step) [catalytic activity: ATP + 5'-phosphoribosylformylglycinamide + L-glutamine + H(2)O = ADP + phosphate + 5'-phosphoribosylformylglycinamidine + L-glutamate].;Phosphoribosylformylglycinamidine synthase II PurL (FGAM synthase II);5824-5823;First Gene
MSMEG_5831;Rv0788;purQ;02 G10;ES;NE;ES;ES;ES;ES;ES;-6.522125555;MSMEG_5831_2;phosphoribosylformylglycinamidine synthase I; Provisional; Region: PRK03619;;Last Gene;;purQ;Involved in de novo purine biosynthesis (at the fourth step) [catalytic activity: ATP + 5'-phosphoribosylformylglycinamide + L-glutamine + H2O = ADP + phosphate + 5'-phosphoribosylformylglycinamidine + L-glutamate].;Probable phosphoribosylformylglycinamidine synthase I PURG (FGAM synthase I);5832-5831;Last Gene
MSMEG_5832;Rv0787A;purS;04 G1;ES;NE;ES;ES;NE;NA;ES;-2.388857405;MSMEG_5832_3;phosphoribosylformylglycinamidine synthase subunit PurS; Reviewed; Region: PRK05974;;First Gene;;Rv0787A;Function unknown;Conserved protein;5832-5831;First Gene
MSMEG_5841;Rv0780;purC;02 B4;ES;ES;ES;ES;ES;ES;ES;-7.404618109;MSMEG_5841_2;phosphoribosylaminoimidazole-succinocarboxamide synthase; Provisional; Region: PRK13961;;First Gene;;purC;Involved in de novo purine biosynthesis (at the seventh step) [catalytic activity: ATP + 1-(5-phosphoribosyl)-4-carboxy-5-aminoimidazole + L-aspartate = ADP + phosphate + 1-(5-phosphoribosyl)-4-(N-succino-carboxamide)-5-aminoimidazole].;Phosphoribosylaminoimidazole- succinocarboxamide synthase PurC (SAICAR synthetase);5841-5839;First Gene
MSMEG_5847;Rv0777;purB;01 D8;ES;ES;ES;ES;ES;NA;ES;-8.237687991;MSMEG_5847_4;Adenylsuccinate lyase (ASL)_subgroup 2; Region: Adenylsuccinate_lyase_2; cd03302;;Only Gene;;purB;Involved in de novo purine biosynthesis (at the eight step) [catalytic activity: 1-(5-phosphoribosyl)-4-(N-succino-carboxamide) -5-aminoimidazole = fumarate + 5'-phosphoribosyl-5-amino-4-imidazolecarboxamide (also catalyzes: N6-(1,2-dicarboxyethyl)AMP = fumarate + AMP)].;Probable adenylosuccinate lyase PurB (adenylosuccinase) (ASL) (ASASE);5847;Only Gene
MSMEG_5852;Rv0772;purD;01 C7;ES;NE;ES;ES;ES;ES;ES;-8.342830273;MSMEG_5852_5;phosphoribosylamine--glycine ligase; Provisional; Region: PRK00885;;Only Gene;;purD;Involved in de novo purine biosynthesis (at the second step) [catalytic activity: ATP + 5-phosphoribosylamine + glycine = ADP + phosphate + 5'-phosphoribosylglycinamide].;Probable phosphoribosylamine--glycine ligase PurD (GARS) (glycinamide ribonucleotide synthetase) (phosphoribosylglycinamide synthetase) (5'-phosphoribosylglycinamide synthetase);5852;Only Gene
MSMEG_6074;Rv3580c;cysS;02 E2;ES;ES;ES;ES;ES;ES;ES;-7.553008018;MSMEG_6074_4;cysteinyl-tRNA synthetase; Validated; Region: cysS; PRK00260;First Gene;;cysS1;Involved in translation [catalytic activity: ATP + L-cysteine + tRNA(CYS) = AMP + pyrophosphate + L-cysteinyl-tRNA(CYS)].;Cysteinyl-tRNA synthetase 1 CysS1 (cysteine--tRNA ligase 1) (CYSRS 1) (cysteine translase);6074-6073;First Gene
MSMEG_6076;Rv3582c;ispD;03 E7;ES;ES;NE;ES;ES;ES;ES;-4.53249251;MSMEG_6076_4;2-C-methyl-D-erythritol 4-phosphate cytidylyltransferase; Region: IspD; pfam01128;;Middle Gene;;ispD;Involved in the deoxyxylulose-5-phosphate pathway (DXP) of isoprenoid biosynthesis (at the third step). Catalyzes the formation of 4-diphosphocytidyl-2C-methyl-D-erythritol (CDP-me) from CTP and 2C-methyl-D-erythritol 4-phosphate (MEP).;4-diphosphocytidyl-2C-methyl-D-erythritol synthase IspD (MEP cytidylyltransferase) (MCT);6077-6076-6075;Middle Gene
MSMEG_6077;Rv3583c;-;03 H2;ES;ES;ES;ES;ES;NA;GD;-5.695804581;MSMEG_6077_4;RNA polymerase-interacting regulator, CarD/CdnL/TRCF family [Transcription]; Region: CdnL; COG1329;;First Gene;;Rv3583c;Involved in transcriptional mechanism.;Possible transcription factor;6077-6076-6075;First Gene
MSMEG_6082;Rv3588c;-;02 C9;GD;ES;ES;ES;ES;NE;NE;-6.787712716;MSMEG_6082_2;Carbonic anhydrases (CA) are zinc-containing enzymes that catalyze the reversible hydration of carbon dioxide in a two-step mechanism in which the nucleophilic attack of a zinc-bound hydroxide ion on carbon dioxide is followed by the regeneration of an...; Region: beta_CA_cladeC; cd03378;;First Gene;;canB;Catalyzes reversible dehydration of CO2 to form bicarbonate;Beta-carbonic anhydrase CanB;6082-6081;First Gene
MSMEG_6091;Rv3596c;-;01 D12;ES;GD;ES;ES;ES;ES;ES;-7.721099189;MSMEG_6091_1;Clp protease ATP binding subunit; Region: clpC; CHL00095;;Only Gene;;clpC1;Hydrolyses proteins in presence of ATP. May interact with a CLPP-like protease involved in degradation of denatured proteins.;Probable ATP-dependent protease ATP-binding subunit ClpC1;6091;Only Gene
MSMEG_6094;Rv3598c;lysS;01 F4;ES;ES;ES;ES;ES;ES;ES;-8.578070722;MSMEG_6094_5;lysyl-tRNA synthetase; Reviewed; Region: lysS; PRK00484;Only Gene;;lysS;Involved in translation [catalytic activity: ATP + L-lysine + tRNA(LYS) = AMP + pyrophosphate + L-lysyl-tRNA(LYS)].;Lysyl-tRNA synthetase 1 LysS (lysine--tRNA ligase 1) (LysRS 1) (lysine translase);6094;Only Gene
MSMEG_6103;Rv3608c;folP;02 F5;ES;ES;ES;ES;ES;ES;ESD;-7.219362158;MSMEG_6103_1;dihydropteroate synthase; Region: DHPS; TIGR01496;;Last Gene;;folP1;Involved in dihydrofolate biosynthesis (at the second step). Catalyzes the formation of the immediate precursor of FOLIC acid. It is implicated in resistance to sulfonamide [catalytic activity: 2-amino-4-hydroxy-6-hydroxymethyl-7,8-dihydropteridine diphosphate + 4-aminobenzoate = pyrophosphate + dihydropteroate].;Dihydropteroate synthase 1 FolP (DHPS 1) (dihydropteroate pyrophosphorylase 1) (dihydropteroate diphosphorylase 1);6105-6104-6103;Last Gene
MSMEG_6104;Rv3609c;folE;03 D11;ES;ES;NE;ES;ES;ES;ES;-3.225333975;MSMEG_6104_4;GTP cyclohydrolase I; Provisional; Region: folE; PRK09347;Middle Gene;;folE;Involved in the biosynthesis of tetrahydrofolate (at the first step) [catalytic activity: GTP + 2 H(2)O = formate + 2-amino-4-hydroxy-6-(erythro-1,2,3-trihydroxypropyl)dihydropteridine triphosphate].;GTP cyclohydrolase I FolE (GTP-ch-I);6105-6104-6103;Middle Gene
MSMEG_6182;Rv3669;-;03 B5;ES;GD;ES;ES;NE;ES;NE;-5.282279649;MSMEG_6182_1;Putative Actinobacterial Holin-X, holin superfamily III; Region: Phage_holin_3_6; pfam07332;;First Gene;;Rv3669;Unknown;Probable conserved transmembrane protein;6182-6184;First Gene
MSMEG_6184;Rv3670;-;03 C10;ES;GD;ES;ES;ES;NA;NE;-3.895440841;MSMEG_6184_1;Pimeloyl-ACP methyl ester carboxylesterase [Coenzyme transport and metabolism, General function prediction only]; Region: MhpC; COG0596;;Last Gene;;ephE;Thought to be involved in detoxification reactions following oxidative damage to lipids. Biotransformation enzyme that catalyzes the hydrolysis of epoxides: aromatic hydrocarbons catabolism [catalytic activity: an epoxide + H(2)O = a glycol].;Possible epoxide hydrolase EphE (epoxide hydratase) (arene-oxide hydratase);6182-6184;Last Gene
MSMEG_6256;Rv3708c;asd;02 E12;ES;ES;ES;ES;ES;ES;GD;-6.197055273;MSMEG_6256_3;aspartate-semialdehyde dehydrogenase; Provisional; Region: PRK14874;;Last Gene;;asd;Involved at the second step in the common biosynthetic pathway leading from asp to the cell wall precursor MESO-diaminopimelate, to LYS, to met, to ILE and to THR [catalytic activity: L-aspartate-semialdehyde + orthophosphate + NADP(+) = L-aspartyl phosphate + NADPH].;Aspartate-semialdehyde dehydrogenase Asd (ASA dehydrogenase) (ASADH) (aspartic semialdehyde dehydrogenase) (L-aspartate-beta-semialdehyde dehydrogenase);5257-6256;Last Gene
MSMEG_6257;Rv3709c;-;02 F10;ES;ES;ES;ES;ES;ES;ESD;-6.538575692;MSMEG_6257_2;aspartate kinase; Reviewed; Region: PRK06635;;First Gene;;ask;Involved at the first step in the common biosynthetic pathway leading from asp to the cell wall precursor MESO-diaminopimelate, to LYS, to met, to ILE and to THR [catalytic activity: ATP + L-aspartate = ADP + 4-phospho-L-aspartate]. Possibly acts in tetramer configuration, tetramer consisting of two alpha (catalytic activity) and two beta (function not known) chains.;"Aspartokinase Ask (aspartate kinase) [contains: aspartokinase alpha subunit (Ask-alpha); and aspartokinase beta subunit (Ask-beta)]";5257-6256;First Gene
MSMEG_6276;Rv3712;-;03 H3;ES;ES;ES;ES;ES;ES;ES;-5.55673421;MSMEG_6276_1;UDP-N-acetylmuramyl tripeptide synthase [Cell wall/membrane/envelope biogenesis]; Region: MurE; COG0769;;Only Gene;;Rv3712;"Function unknown; probably involved in cellular metabolism.";Possible ligase;6276;Only Gene
MSMEG_6277;Rv3713;-;02 G6;ES;ES;ES;ES;ES;ES;ES;-7.153859856;MSMEG_6277_1;Glutamine amidotransferase related to the GATase domain of CobQ [General function prediction only]; Region: COG3442;;;Only Gene;;cobQ2;Involved in cobalamin biosynthesis. Catalyzes amidations at positions B, D, E, and G on adenosylcobyrinic A,C-diamide. NH(2) groups are provided by glutamine, and one molecule of ATP is hydrogenolyzed for each amidation.;Possible cobyric acid synthase CobQ2;6277;Only Gene
MSMEG_6285;Rv3721c;-;01 E7;ES;ES;ES;ES;ES;ES;ES;-8.281559166;MSMEG_6285_1;DNA polymerase III subunits gamma and tau; Provisional; Region: PRK14952;;Last Gene;;dnaZX;DNA polymerase III is a complex, multichain enzyme responsible for most of the replicative synthesis in bacteria. This DNA polymerase also exhibits 3' to 5' exonuclease activity [catalytic activity: N deoxynucleoside triphosphate = N pyrophosphate + DNA(N)].;DNA polymerase III (subunit gamma/tau) DnaZ/X;6286-6285;Last Gene
MSMEG_6286;Rv3722c;-;02 A9;ES;ES;ES;ES;ES;ES;ES;-6.820268106;MSMEG_6286_3;Aspartate aminotransferase (AAT) superfamily (fold type I) of pyridoxal phosphate (PLP)-dependent enzymes. PLP combines with an alpha-amino acid to form a compound called a Schiff base or aldimine intermediate, which depending on the reaction, is the...; Region: AAT_I; cl18945;;First Gene;;Rv3722c;Function unknown;Conserved protein;6286-6285;First Gene
MSMEG_6330;Rv3754;-;01 B9;ES;NE;ES;ES;ES;NA;ES;-8.14781546;MSMEG_6330_4;prephenate dehydrogenase; Validated; Region: PRK06545;;Only Gene;;tyrA;Involved in tyrosine biosynthesis [catalytic activity: prephenate + NAD(+) = 4-hydroxyphenylpyruvate + CO(2) + NADH].;Prephenate dehydrogenase TyrA (PDH) (hydroxyphenylpyruvate synthase);6330;Only Gene
MSMEG_6366;Rv3781;-;02 A8;ES;ES;NE;ES;ES;ES;ES;-6.911451912;MSMEG_6366_1;ABC-type polysaccharide/polyol phosphate transport system, ATPase component [Carbohydrate transport and metabolism, Cell wall/membrane/envelope biogenesis]; Region: TagH; COG1134;;Middle Gene;;rfbE;May form an ATP-driven O-antigen/lipopolysaccharide export apparatus, in association with RFBD|Rv3783. Responsible for energy coupling to the transport system.;Probable O-antigen/lipopolysaccharide transport ATP-binding protein ABC transporter RfbE;6365-6366-6367-6369;Middle Gene
MSMEG_6367;Rv3782;-;02 E11;ES;ES;ES;ES;ES;ES;ES;-6.458204596;MSMEG_6367_2;Glycosyltransferase, GT2 family [Carbohydrate transport and metabolism]; Region: GT2; COG1216;;Middle Gene;;glfT1;Transfers galactofuranose in the initiation of cell wall galactan polymerization;UDP-galactofuranosyl transferase GlfT1;6365-6366-6367-6369;Middle Gene
MSMEG_6382;Rv3790;-;03 G4;ES;ES;ES;ES;ES;ES;ES;-5.399715792;MSMEG_6382_2;FAD/FMN-containing dehydrogenase [Energy production and conversion]; Region: GlcD; COG0277;;First Gene;;dprE1;Together with DPRE2|Rv3791, catalyzes epimerization of decaprenylphosphoryl ribose (DPR) to decaprenylphosphoryl arabinose (DPA) in arabinan synthesis;Decaprenylphosphoryl-beta-D-ribose 2'-oxidase;6382-6383;First Gene
MSMEG_6386;Rv3792;-;03 D5;ES;ES;ES;ES;ES;ES;ES;-5.262181265;MSMEG_6386_5;Arabinofuranosyltransferase N terminal; Region: AftA_N; pfam12250;;Last Gene;;aftA;Involved in the biosynthesis of the mycobacterial cell wall arabinan;Arabinofuranosyltransferase AftA;6385-6386;Last Gene
MSMEG_6391;Rv3799c;-;01 E12;ES;ES;ES;ES;ES;ES;ES;-7.704512785;MSMEG_6391_3;Acetyl-CoA carboxylase, carboxyltransferase component [Lipid transport and metabolism]; Region: MmdA; COG4799;;Last Gene;;accD4;Key enzyme in the catabolic pathway of odd-chain fatty acids, isoleucine, threonine, methionine, and valine [catalytic activity: ATP + propionyl-CoA + CO(2) + H(2)O = ADP + orthophosphate + methylmalonyl-CoA.];Probable propionyl-CoA carboxylase beta chain 4 AccD4 (pccase) (propanoyl-CoA:carbon dioxide ligase);6393-6392-6391;Last Gene
MSMEG_6392;Rv3800c;-;01 D4;ES;ES;ES;ES;ES;ES;ES;-8.613863116;MSMEG_6392_5;Acyl transferase domain in polyketide synthase (PKS) enzymes [Secondary metabolites biosynthesis, transport and catabolism]; Region: PksD; COG3321;;Middle Gene;;pks13;Involved in the final steps of mycolic acid biosynthesis. Catalyses the condensation of two fatty acyl chains.;Polyketide synthase Pks13;6393-6392-6391;Middle Gene
MSMEG_6401;Rv3806c;-;03 E3;ES;GD;ES;ES;ES;ES;ES;-5.612736187;MSMEG_6401_2;phosphoribose diphosphate:decaprenyl-phosphate phosphoribosyltransferase; Provisional; Region: PRK12324;;Middle Gene;;ubiA;Involved in arabinogalactan synthesis [catalytic activity: phosphoribose diphosphate + decaprenyl phosphate = decaprenylphosphoryl-5-phosphoribose + diphosphate];Decaprenylphosphoryl-5-phosphoribose (DPPR) synthase (decaprenyl-phosphate 5-phosphoribosyltransferase);6402-6401-6400;Middle Gene
MSMEG_6403;Rv3808c;-;02 G11;ES;GD;ES;ES;ES;ES;ES;-6.394997243;MSMEG_6403_5;Glycosyltransferase, GT2 family [Carbohydrate transport and metabolism]; Region: GT2; COG1216;;Only Gene;;glfT2;Converts UDP-galactofuranose in cell wall galactan polymerization. Has UDP-Galf:beta-D-(1->5) and UDP-Galf:beta-D-(1->6) galactofuranosyltransferase activities.;Bifunctional UDP-galactofuranosyl transferase GlfT2;6403-6404;Only Gene
MSMEG_6404;Rv3809c;glf;03 B1;ES;GD;ES;ES;ES;NE;ES;-6.101107557;MSMEG_6404_2;UDP-galactopyranose mutase [Cell wall/membrane/envelope biogenesis]; Region: Glf; COG0562;;Only Gene;;glf;Involved in lipopolysaccharide biosynthesis, in the conversion of UDP-galactopyranose into UDP-galactofuranose through a 2-keto intermediate [catalytic activity: UDP-D-galactopyranose = UDP-D-galacto-1,4-furanose].;UDP-galactopyranose mutase Glf (UDP-GALP mutase) (NAD+-flavin adenine dinucleotide-requiring enzyme);6403-6405;Only Gene
MSMEG_6413;Rv3834c;serS;01 E9;ES;ES;ES;ES;ES;ES;ES;-8.083745237;MSMEG_6413_4;seryl-tRNA synthetase; Provisional; Region: PRK05431;;Only Gene;;serS;Involved in translation mechanism [catalytic activity: ATP + L-serine + tRNA(SER) = AMP + pyrophosphate + L-SERYL-tRNA(SER)].;SERYL-tRNA synthetase SerS (serine--tRNA ligase) (SERRS) (serine translase);6413;Only Gene
MSMEG_6520;Rv0382c;-;03 B3;ES;NE;ES;ES;ES;NE;ES;-5.643819823;MSMEG_6520_1;orotate phosphoribosyltransferase; Validated; Region: pyrE; PRK00455;Only Gene;;pyrE;Involved in pyrimidine biosynthesis (at the fifth step) [catalytic activity: orotidine 5'-phosphate + diphosphate = orotate + 5-phospho-alpha-D-ribose 1-diphosphate].;Probable orotate phosphoribosyltransferase PyrE (OPRT) (oprtase);6520;Only Gene
MSMEG_6892;Rv0058;-;02 A5;ES;ES;ES;ES;ES;ES;ES;-7.301130331;MSMEG_6892_1;replicative DNA helicase; Validated; Region: PRK07773;;Only Gene;;dnaB;"Participates in initiation and elongation during chromosome replication; it exhibits DNA-dependent ATPase activity. The intein is an endonuclease (potential).";Probable replicative DNA helicase DnaB;6892;Only Gene
MSMEG_6895;Rv0055;rpsR;03 D6;ES;NE;ES;ES;NE;NA;ES;-4.947899636;MSMEG_6895_4;30S ribosomal protein S18; Reviewed; Region: rpsR; PRK00391;Middle Gene;;rpsR1;This protein has been implicated in aminoacyl-transfer RNA binding. It appears to be situated at the decoding site of messenger RNA.;30S ribosomal protein S18-1 RpsR1;6897-6896-6895-6894;Middle Gene
MSMEG_6896;Rv0054;-;03 H8;ES;NE;NE;ES;NE;NA;ES;-4.092359823;MSMEG_6896_1;single-stranded DNA-binding protein; Provisional; Region: PRK07772;;Middle Gene;;ssb;This protein is essential for replication of the chromosome. It is also involved in DNA recombination and repair.;Single-strand binding protein Ssb (helix-destabilizing protein);6897-6896-6895-6894;Middle Gene
MSMEG_6900;Rv0050;ponA1;02 H7;ES;ES;ES;ES;ES;NE;NE;-6.929649658;MSMEG_6900_3;Transglycosylase; Region: Transgly; pfam00912;;Middle Gene;;ponA1;Involved in peptidoglycan synthesis (at the final stages), cell wall formation. Synthesis of cross-linked peptidoglycan from the lipid intermediates. The enzyme has a penicillin-insensitive transglycosylase N-terminal domain (formation of linear glycan strands) and a penicillin-sensitive transpeptidase C-terminal domain (cross-linking of the peptide subunits).;Probable bifunctional penicillin-binding protein 1A/1B PonA1 (murein polymerase) (PBP1): penicillin-insensitive transglycosylase (peptidoglycan TGASE) + penicillin-sensitive transpeptidase (DD-transpeptidase);6901-6900-6899;Middle Gene
MSMEG_6904;Rv0046c;-;01 H1;ES;ES;ES;ES;ES;NE;ES;-9.109621742;MSMEG_6904_1;Myo-inositol-1-phosphate synthase; Region: NAD_binding_5; cl00554;;Last Gene;;ino1;Involved in phosphatidylinositol (PI) biosynthetic pathway [catalytic activity: D-glucose 6-phosphate = 1L-myo-inositol 1-phosphate].;myo-inositol-1-phosphate synthase Ino1 (inositol 1-phosphate synthetase) (D-glucose 6-phosphate cycloaldolase) (glucose 6-phosphate cyclase) (glucocycloaldolase);6903-6904;Last Gene
MSMEG_6917;Rv0041;leuS;01 B8;ES;ES;ES;ES;ES;ES;ES;-8.255217454;MSMEG_6917_4;leucyl-tRNA synthetase; Validated; Region: leuS; PRK00390;Only Gene;;leuS;Involved in translation mechanism [catalytic activity: ATP + L-leucine + tRNA(LEU) = AMP + diphosphate + L-leucyl-tRNA(LEU)].;Probable leucyl-tRNA synthetase LeuS (leucine--tRNA ligase) (LEURS);6917;Only Gene
MSMEG_6926;Rv3907c;-;01 E1;ES;ES;ES;ES;ES;ES;ES;-9.274587815;MSMEG_6926_1;tRNA adenylyltransferase; Region: tRNA_CCA_actino; TIGR02692;;Only Gene;;pcnA;Involved in transcription mechanism [catalytic activity: N ATP + (nucleotide)(M) = N diphosphate + (nucleotide)(M+N)].;Probable poly(A) polymerase PcnA (polynucleotide adenylyltransferase) (NTP polymerase) (RNA adenylating enzyme) (poly(A) polymerase);6926;Only Gene
MSMEG_6927;Rv3908;-;01 A6;ES;ES;ES;ES;NE;NE;NE;-8.454587187;MSMEG_6927_2;Diadenosine hexaphosphate (Ap6A) hydrolase is a member of the Nudix hydrolase superfamily. Ap6A hydrolase specifically hydrolyzes diadenosine polyphosphates, but not ATP or diadenosine triphosphate, and it generates ATP as the product. Ap6A, the most...; Region: Ap6A_hydrolase; cd03673;;Only Gene;;mutT4;Function unknown;Possible mutator protein MutT4;6927;Only Gene
MSMEG_6928;Rv3909;-;01 D11;ES;ES;ES;ES;ES;NA;ES;-7.773271104;MSMEG_6928_1;NA;;;;Only Gene;;Rv3909;Function unknown;Conserved protein;6928;Only Gene
MSMEG_6929;Rv3910;-;01 D7;ES;ES;ES;ES;ES;NE;ESD;-8.301770532;MSMEG_6929_1;MviN-like protein; Region: MVIN; pfam03023;;Only Gene;;Rv3910;Unknown;Probable conserved transmembrane protein;6929;Only Gene
MSMEG_6942;Rv3921c;-;01 H3;ES;ES;ES;ES;ES;ES;ESD;-8.739746862;MSMEG_6942_2;putative inner membrane protein translocase component YidC; Provisional; Region: PRK03449;;Last Gene;;Rv3921c;Unknown;Probable conserved transmembrane protein;6946-6945-6944-6942;Last Gene
MSMEG_6946;Rv3924c;rpmH;01 F8;ES;ES;ES;ES;NE;NA;Uncertain;-8.172427509;MSMEG_6946_2;50S ribosomal protein L34; Reviewed; Region: rpmH; PRK00399;First Gene;;rpmH;Involved in translation mechanism. This protein is one of the early assembly proteins of the 50S ribosomal subunit.;50S ribosomal protein L34 RpmH;6946-6945-6944-6942;First Gene
MSMEG_6947;Rv0001;dnaA;01 G2;ES;ES;ES;ES;ES;ES;ES;-9.004754179;MSMEG_6947_4;chromosomal replication initiation protein; Provisional; Region: dnaA; cl28271;Only Gene;;dnaA;"Plays an important role in the initiation and regulation of chromosomal replication. Binds to the origin of replication; it binds specifically double-stranded DNA at a 9 bp consensus (DNAA box): 5'-TTATC(C/A)A(C/A)A-3'. DNAA binds to ATP and to acidic phospholipids. DNAA protein binds the origin of replication (oriC), ATP and ADP, and exhibited weak ATPase activity.";Chromosomal replication initiator protein DnaA;6947;Only Gene
MSMEG_4938;Rv1308;atpA;atpA;GA;ES;ES;ES;ES;ES;ES;-8.697454136;MSMEG_4938_2;F0F1 ATP synthase subunit alpha; Validated; Region: PRK09281;;Middle Gene;;atpA;Produces ATP from ADP in the presence of a proton gradient across the membrane. The alpha chain is a regulatory subunit [catalytic activity:ATP + H(2)O + H(+)(in) = ADP + phosphate + H(+)(out)];Probable ATP synthase alpha chain AtpA;4941-4940-4939-4938-4937;Middle Gene
MSMEG_4937;Rv1309;atpG;atpG;GA;ES;ES;ES;ES;ES;ES;-8.400165794;MSMEG_4937_2;F0F1 ATP synthase subunit gamma; Validated; Region: PRK05621;;Middle Gene;;atpG;Produces ATP from ADP in the presence of a proton gradient across the membrane. The gamma chain is believed to be important in regulating ATPase activity and the flow of protons through the cf(0) complex.;Probable ATP synthase gamma chain AtpG;4941-4940-4939-4938-4937;Middle Gene
MSMEG_4936;Rv1310;atpD;atpD;GA;ES;ES;ES;ES;ES;ES;-8.228426963;MSMEG_4936_4;F0F1 ATP synthase subunit beta; Validated; Region: PRK09280;;Only Gene;;atpD;Produces ATP from ADP in the presence of a proton gradient across the membrane. The beta chain is the catalytic subunit [catalytic activity: ATP + H(2)O + H(+)(in) = ADP + phosphate + H(+)(out)];Probable ATP synthase beta chain AtpD;4936;Only Gene
MSMEG_4935;Rv1311;atpC;atpC;GA;ES;ES;NE;ES;Uncertain;ES;-9.415361506;MSMEG_4935_3;F0F1 ATP synthase subunit epsilon; Validated; Region: atpC;;Only Gene;;atpC;Produces ATP from ADP in the presence of a proton gradient across the membrane [catalytic activity: ATP + H(2)O + H(+)(in) = ADP + phosphate + H(+)(out)];Probable ATP synthase epsilon chain AtpC;4935;Only Gene
MSMEG_4941;Rv1305;atpE;atpE;GA;ES;ES;ES;ES;ES;ES;-8.806291831;MSMEG_4941_2;F0F1 ATP synthase subunit C; Validated; Region: PRK05880;;Middle Gene;;atpE;This is one of the three chains of the nonenzymatic component (cf(0) subunit) of the ATPase complex.;Probable ATP synthase C chain AtpE (lipid-binding protein) (dicyclohexylcarbodiimide-binding protein);4941-4940-4939-4938-4937;Middle Gene
MSMEG_4942;Rv1304;atpB;atpB;GA;ES;ES;ES;NA;ES;ES;-6.833586156;MSMEG_4942_1;FoF1-type ATP synthase, membrane subunit a [Energy production and conversion]; Region: AtpB; COG0356;;Only Gene;;atpB;"Key component of the proton channel; it may play a direct role in the translocation of protons (H+) across the membrane";Probable ATP synthase a chain AtpB (protein 6);4942;Only Gene